0.09702041,-0.03394541,0.17912217,-0.16280857,-0.40336694,0.18740847,-0.02691533,-0.34781104,0.04969893,0.14530107,-0.10582217,-0.02893369,0.34899608,-0.37980808,0.22659971,0.36004055,-0.18452643,0.11365325
-0.05431309,-0.03309355,-0.19150391,-0.04453165,-0.15928488,7.661e-05,0.01586816,0.19937051,-0.05983418,-0.02731934,0.13721172,-0.04985703,0.05644701,0.06369824,0.187445,-0.12521366,-0.09928322,0.16829037
0.10326492,0.18252081,-0.1195459,0.09345271,0.01541244,0.00566613,-0.10779156,-0.18682842,-0.22493294,0.32983734,0.1262214,-0.14233496,0.07329871,-0.37300495,-0.14076557,0.31027095,-0.08586406,-0.03009678
0.1333885,0.01205111,0.23920389,0.04381136,-0.03042387,0.1171528,-0.00104933,-0.13143333,-0.16404903,0.18114944,-0.10753031,0.10256489,0.03876208,-0.13913201,-0.05539956,0.0761786,0.00468607,0.08612925
-0.01115253,0.11903444,0.14040303,-0.20568125,-0.06004773,-0.07782187,-0.04771919,0.05048687,-0.05241846,-0.07998264,0.08526061,-0.10436364,0.08172992,0.27840104,0.15864839,-0.21797358,0.06084792,0.01606591
-0.03738086,-0.08606885,0.10627848,-0.5519564,-0.42249741,-0.00386121,0.08722331,-0.02046516,0.04530761,-0.07421926,-0.1409849,0.04095137,0.48809177,-0.11835955,0.53191086,0.03303484,-0.07249194,-0.03158708
-0.08789863,-0.10900947,0.11931399,-0.72096667,-0.36963761,-0.05914858,0.0327535,0.21991399,0.07730384,-0.19053045,-0.1310727,0.02363128,0.52604632,0.36035496,0.59689134,-0.27004969,0.04948345,-0.0067457
-0.28228167,-0.12249572,-0.03665718,-0.1466419,-0.11599458,-0.02308052,0.23943866,0.23155231,0.14135936,-0.1094956,0.06970766,-0.03978414,0.11465992,-0.0435961,0.13200269,0.02892263,-0.00040295,0.00912404
0.01503256,0.00784018,-0.03199617,-0.16353815,-0.07065597,-0.08764981,-0.02845871,0.1121088,-0.02806722,-0.14301531,-0.00722404,0.07434063,0.14291977,0.18676065,0.11638633,-0.15982448,0.03490191,-0.04787123
0.22701519,-0.00040579,-0.25164458,-0.08546093,-0.04899777,-0.02849906,-0.18777403,-0.02813373,0.00588245,0.03775207,-0.26697613,0.30444057,-0.02815221,0.05616632,0.14265225,-0.02167502,0.15137442,-0.02414972
0.08945411,0.0780236,-0.31260513,-0.01557807,-0.09261248,-0.05964615,-0.15518218,0.06634786,-0.01264208,-0.00798889,0.05952604,0.01090237,0.07026852,0.04518744,0.07819011,-0.05034793,0.12516247,-0.02567519
-0.00132834,-0.06144738,0.02162212,-0.08908001,-0.20047846,-0.17269053,-0.05171055,0.03372774,0.04326128,-0.09632499,-0.06052163,0.15276106,0.1623869,-0.12561286,0.1618457,0.17374418,-0.12919037,0.198666
-0.04370535,-0.06492353,-0.040851,-0.04510792,-0.11594834,-0.16783029,-0.02042482,0.12860892,0.0595662,-0.20254056,0.03901525,0.10213223,0.09254943,-0.03290312,0.09057535,0.1197259,-0.02618136,0.16372397
0.00974197,-0.0841276,-0.02161271,-0.03100581,-0.04870329,-0.19399372,0.054398,-0.16103871,0.04174928,0.13530439,-0.07709368,0.04248833,0.03678182,-0.09291222,0.01872783,0.18940181,0.02666633,0.0361613
-0.17378206,-0.06336858,-0.02084944,-0.11211647,-0.11378698,-0.0486549,0.13983335,0.17545453,0.13243291,-0.13220393,0.07888857,-0.05115808,0.13203774,-0.07634571,0.15050209,0.00982531,-0.02677005,0.01667367
-0.14654706,-0.11275606,-0.43252907,-0.16526875,0.11696801,0.09278603,0.01682353,0.23877647,0.1731782,-0.25120727,0.30919516,-0.08832422,-0.13824412,0.32461728,0.06852868,-0.06092651,-0.04613529,0.07560915
-0.23950134,-0.18574102,0.09007143,-0.11558829,-0.22401817,-0.11926468,0.15144009,0.08760785,0.26309486,-0.11155137,-0.00129393,-0.04310127,0.16758127,0.02182062,0.18149099,0.01103024,-0.09562075,-0.00377899
-0.12714104,0.00162177,0.09906508,-0.79847262,-0.36575167,0.05453929,-0.04018435,0.36802063,0.13876236,-0.36573175,-0.05349773,-0.03336735,0.59157332,0.01963732,0.60047261,-0.07279353,0.10846471,-0.15106329
-0.18312,-0.08445467,0.14044489,-0.34743857,-0.20733286,-0.57002143,0.152108,0.097144,0.1127,-0.06300622,0.0763,-0.12416133,0.2506021,0.00614162,0.28599495,0.11439013,0.10174733,-0.1083013
0.10475728,0.08611682,0.13119376,-0.31380415,-0.23270296,-0.35625889,-0.22929206,-0.00675198,0.0282397,-0.00881834,-0.10399017,0.07531626,0.29543772,-0.1234123,0.23135571,0.12026666,0.04053098,0.04002555
0.17542438,0.10972825,0.14762188,-0.23809064,-0.20942281,-0.22036023,-0.13642798,-0.13814072,-0.16708809,0.1003554,-0.08400222,0.04050637,0.27244914,-0.18608529,0.23172399,0.17966597,-0.14146102,0.13672738
0.06273611,0.06015766,-0.39153592,-0.08712767,0.03640395,-0.00990711,-0.01351267,0.19720038,-0.1283569,0.03132722,0.02263081,-0.02696635,-0.095476,-0.13940266,-0.05248924,0.11849915,0.06802857,0.06522128
0.11823,0.250274,-0.186775,-0.13995,0.11021368,-0.17654211,-0.091155,0.0679525,-0.2911615,0.09354425,-0.12071,-0.18345,-0.17149145,0.07254211,0.03778303,-0.11093842,0.20902895,0.10369921
-0.07022539,0.00380273,0.05536719,-0.29933167,-0.32127542,-0.04702583,0.02818242,-0.07648828,0.02236992,0.06605234,0.21136797,-0.20387891,0.33127591,-0.38186922,0.26555591,0.35510516,-0.38737589,0.27276516
-0.11566528,0.03240069,-0.10315972,-0.52117879,-0.36071742,-0.08571818,-0.01108472,0.05733472,0.06790347,-0.01005903,0.34381528,-0.27523194,0.39770013,-0.30884066,0.43441679,0.2243673,-0.35869369,0.23987866
-0.17337361,0.03240069,-0.23180972,-0.65011818,-0.36071742,-0.02956591,0.02190139,0.04254444,0.03241736,0.02294306,0.55060764,-0.30590903,0.45220139,-0.29221048,0.48603927,0.1763584,-0.32208927,0.18919249
-0.00436125,-0.16133724,0.1294138,-0.04399407,0.02793617,-0.10711621,0.10202439,-0.29468242,0.07909414,0.10717902,-0.02126238,0.07865406,0.03261382,-0.08714152,0.04325018,0.03520744,-0.09937176,0.06593195
-0.07933403,0.02506597,-0.11911944,-0.46161364,-0.45308258,-0.25058333,0.04632014,-0.15674861,-0.02344653,0.10454306,0.44540972,-0.33019028,0.44184956,-0.3817976,0.42176774,0.46889104,-0.5756976,0.36464558
0.02790926,-0.00247099,-0.12751296,-0.23909379,-0.08072418,0.01125229,0.02338117,-0.03717037,-0.06951481,0.12699259,-0.09177593,-0.00198395,0.17350922,0.00238983,0.10976609,-0.04423537,0.07209114,0.01398293
-0.0211964,-0.00019197,-0.01536343,-0.36986696,-0.06666784,-0.15083363,0.00488227,0.14719723,0.00162493,-0.0654795,-0.1276928,0.06427507,0.11784814,0.21972144,0.19228293,-0.05677507,0.02597962,0.03032142
-0.21129444,-0.01732222,-0.1652875,-1.07581894,-0.69138182,-0.59594545,0.33076111,-0.58737917,-0.12922778,0.408675,1.11672222,-0.86860556,0.62880543,0.21310751,0.95901907,0.12471452,-0.39022128,0.49040391
0.17492315,0.16491991,0.01648704,0.45247111,0.28812365,-0.55388698,-0.19727546,-0.08240185,-0.1825287,0.18511019,-0.23899352,0.22710648,-0.48974581,0.03548298,-0.3957428,0.13851099,-0.10102511,0.4573394
0.15489265,-0.07881773,0.03421445,-0.75729278,-0.32349617,-0.33644964,0.05783953,-0.31853538,-0.177225,0.31541687,0.15502206,-0.16574317,0.51064828,0.43222103,0.49986308,-0.27184258,0.50287334,-0.26829793
0.15212083,0.09297809,-0.09832917,0.12163476,0.00974063,-0.03923143,-0.1730537,-0.04463426,-0.07098565,0.05214012,-0.19992847,0.22288611,-0.08267394,-0.02863869,-0.05209029,-0.00189472,-0.14159655,0.11037099
-0.00796267,0.04137986,-0.12006736,-0.43864185,-0.36999855,-0.07856449,-0.06926493,-0.14942378,0.05579201,0.10214757,0.02425903,-0.06031528,0.27710237,0.24688989,0.48999005,-0.26786165,-0.37444816,0.34916081
-0.00504154,0.00651746,-0.19656211,-0.34225851,-0.06949773,-0.02233813,-0.00605185,-0.04371611,0.02565235,0.08781904,-0.24693351,0.25660633,0.18785552,0.2093944,0.09785124,-0.10374558,0.15697011,-0.03474701
-0.01650055,-0.05990586,-0.33932123,0.1504914,0.09694193,-0.03171799,0.00690782,0.20155302,0.04660597,-0.132268,-0.0676655,0.20759681,-0.08715667,-0.07727052,-0.17976114,0.10827698,0.06804157,-0.07971281
-0.1213808,-0.13967174,-0.17297462,-0.72074387,-0.56699658,-0.06430926,0.07795953,0.05314266,0.12523361,0.06351262,-0.19948697,0.27875706,0.67268619,0.06619965,0.59694332,-0.0393988,0.20069993,-0.22057017
0.70066528,0.3063864,0.2148432,0.35807783,0.07450067,0.43086383,-0.3966104,-0.4347016,-0.50533568,0.3518256,-0.58380416,0.4050768,-0.19678226,-0.31532429,-0.17187359,0.18787239,-0.75334895,0.48069855
0.00925847,-0.02964897,-0.28826095,-0.56150238,-0.5574184,0.04335065,0.06010475,-0.21471012,-0.02701219,0.29692665,0.44716798,-0.47315599,0.56175428,-0.06823262,0.58442376,0.15065467,-0.16672396,0.03581766
-0.09045833,-0.11117176,-0.11424097,-0.57954444,-0.47363857,0.15163714,0.1527912,0.01667076,0.06511111,-0.017649,0.06643611,-0.05504861,0.46257983,0.08253998,0.58370848,-0.07967867,-0.01830669,-0.02291558
-0.07277891,-0.01635547,-0.08900703,-0.49501694,-0.33003145,-0.27046512,0.01606328,-0.02203125,0.11028984,-0.0106,0.07872637,-0.0441373,0.43898044,0.43003785,0.39075383,-0.40670025,0.18883422,-0.16257142
0.11339822,0.03504673,0.06319774,0.16284606,0.10316108,0.17175308,-0.12234946,0.08312188,-0.01112473,-0.13152949,-0.16947765,0.07094709,-0.21592959,0.01758795,-0.02667996,-0.0413807,-0.1679687,0.03524603
0.07113535,0.07788733,0.0422104,-0.54008379,-0.29351561,-0.08011225,-0.06505614,-0.21621229,-0.11075161,0.16354858,0.01873497,-0.03998828,0.46255546,-0.09092031,0.35301258,0.05045004,0.18968937,-0.06765174
-0.03558492,0.05409318,-0.19010909,-0.52452035,-0.4947119,-0.13925065,-0.07371302,-0.05995,0.05947955,0.15039545,0.00577438,0.07354876,0.49415725,-0.11108869,0.51203236,0.13266861,0.19782192,-0.15782165
-0.00395,0.00408177,0.03836181,-0.41358696,-0.27371685,0.00908533,0.0283625,0.02895417,-0.03104167,-0.02949792,-0.1727375,0.02733351,0.23993261,0.04551522,0.37789946,-0.0464916,-0.45581395,0.34210677
0.05204306,0.01373021,-0.01948021,-0.50110109,-0.25469239,-0.03296576,0.02203125,-0.29928819,-0.15921597,0.27669549,0.14921875,-0.18835104,0.37831348,-0.08775249,0.35631076,0.03780786,0.0737687,0.01785731
-0.04011344,0.016717,-0.12774411,-0.07772204,-0.15186293,0.08242303,0.01554661,-0.03758633,0.02639857,0.07980737,-0.00987455,-0.07179346,0.15597693,-0.15566711,0.03115661,0.12553447,0.11911601,-0.08085568
0.12711772,-0.01303948,-0.09491926,0.10444926,-0.03006478,-0.00574089,-0.01814875,-0.13623199,-0.04867087,0.11794174,-0.10996968,0.0328214,0.0113703,-0.16428297,-0.06955113,0.08698322,0.18152652,-0.06107257
-0.20235357,-0.13315357,-0.09770357,-0.4700963,-0.2313037,-0.12511852,0.15915357,0.33067857,0.17791071,-0.23320714,-0.06272143,-0.09856786,0.23959722,0.20166667,0.38822407,-0.16164722,-0.01191481,0.1288713
0.05263906,0.12020694,-0.02018785,-0.31415,-0.15692754,-0.35066957,-0.0970099,-0.04952031,-0.08331667,0.01391111,-0.13664688,0.05134549,0.17532645,0.19993338,0.30294638,-0.15675411,-0.08363963,0.02455966
0.13275918,0.10842092,-0.02005,0.11787884,0.15754021,-0.24953704,-0.17116684,0.06936276,-0.06711173,-0.06874745,-0.199725,0.15171786,-0.1912607,0.03208413,-0.07917022,0.00329683,-0.23177725,0.17559418
0.03253878,-0.00153129,-0.46341565,-0.21971143,-0.18394571,0.06517214,-0.03622245,0.13252789,-0.00890136,-0.07213197,0.13340136,-0.02820204,0.1898902,0.0512948,0.23372949,-0.13889388,-0.08533663,0.05435041
-0.28206134,-0.14816994,0.03222334,0.03130847,-0.08970486,-0.03466842,0.19449834,0.118024,0.19118991,-0.09470218,0.14513109,-0.10941877,0.05276146,-0.07165739,0.05910739,0.00284798,-0.08594243,0.07125396
-0.05215947,-0.09695725,0.16608462,0.026816,-0.29217169,0.110428,0.05614556,-0.37411923,0.09759556,0.26202692,-0.14282308,0.13566538,0.02784475,-0.16967415,0.2852349,0.13516662,-0.71427415,0.61249262
-0.36774026,-0.02396219,-0.12018847,0.14064387,-0.13690889,0.22335771,0.151069,0.13204291,0.16501909,0.07639868,0.25276219,-0.07473629,0.12126118,-0.41779581,0.00577086,0.32150438,-0.12860806,-0.17372882
-0.07580367,-0.09288022,-0.065645,0.0924269,-0.07614713,0.03558908,0.15138744,0.00867833,0.02850867,0.00064667,0.06341833,-0.15145389,0.01001378,-0.31685619,-0.07131553,0.25667582,0.0390637,0.03516743
0.11216504,0.01937705,0.03608585,0.10340406,0.09016675,0.02073239,-0.12576718,0.05010024,-0.05463365,-0.13780559,-0.02264756,0.0908956,-0.19270265,-0.05503655,0.01339033,0.039215,-0.27297103,0.10392732
0.25258225,0.03704822,-0.05188432,-0.09328215,-0.11250831,-0.11865538,-0.11216065,0.00411834,-0.0983645,-0.03818284,-0.02344793,-0.05332722,0.17487366,-0.15369224,0.07181827,0.03285678,0.0608493,-0.07093276
-0.07028264,-0.03747812,-0.13638958,-0.47222645,-0.52251196,0.06943043,-0.03496215,0.00716458,0.12151458,0.10219375,0.21958681,-0.12338368,0.48775389,0.20120075,0.55584665,-0.15577491,0.1679301,-0.22630716
0.05448733,-0.01078212,-0.03338438,-0.27023442,-0.30742409,-0.2577087,-0.03372795,0.08515937,-0.01150434,-0.03206563,-0.25664844,0.16928073,0.23287789,-0.12127819,0.3777355,0.07425224,-0.2945108,0.14095115
-0.06640851,-0.02318073,-0.39972778,-0.24185399,-0.22299257,0.10246757,0.06055677,-0.04147639,-0.01958628,0.14888056,0.33698872,-0.17138906,0.17661581,0.07217976,0.31731002,-0.17781486,-0.49622549,0.4147509
0.06583291,0.08131985,-0.12651972,-0.13844252,-0.03868462,0.07739261,-0.0288311,-0.11113682,-0.12703638,0.20033433,0.06302849,0.03061174,0.04893759,0.0047181,0.10274115,0.02451651,-0.1074493,0.04029139
-0.1166206,0.02808601,-0.34162798,-0.71470336,-0.43168617,-0.22638656,-0.01232836,-0.00690284,0.0398896,0.03627599,0.17699206,-0.00042325,0.5018852,0.30113434,0.57148124,-0.09259261,0.0060124,0.03027854
-0.07788244,-0.03205986,-0.0404097,-0.42303481,-0.36494976,-0.03132071,-0.01309916,0.04869283,0.10503341,-0.0412451,0.00675905,0.10410076,0.36746437,0.06735796,0.4159047,-0.04229264,0.19435001,-0.16905058
-0.42306574,-0.2484924,0.005184,0.53496291,0.28331892,-0.60584857,0.27606947,0.08964317,0.33018028,0.00814565,-0.06937575,0.10266998,-0.50760513,-0.13711817,-0.461648,0.34381981,-0.04319828,0.40878745
0.1113542,0.21565471,-0.17274186,-0.46505518,-0.28028266,-0.3009702,-0.07545121,0.01941359,-0.24647232,0.03364222,-0.0521702,0.11002169,0.28258122,0.33863322,0.37656035,-0.21751356,-0.01689958,0.13450619
-0.24514628,0.01737603,0.79361488,-0.40618,-0.32507636,0.10866182,0.19543058,0.43698347,0.22861736,-0.77106198,-0.41798017,-0.04580661,0.37557612,0.10380686,0.37915702,-0.14803041,-0.24800496,0.11657959
0.3135876,0.15525372,-0.03118533,-0.34166147,-0.18344286,-0.13130325,-0.22115661,-0.09088099,-0.23427769,0.17894442,-0.19524504,0.07396901,0.35896129,0.04988546,0.19964246,0.09718187,-0.15428878,0.07947321
-0.42997202,-0.30958615,-0.20428033,0.21543099,-0.0024769,0.02795409,0.30551551,-0.07335706,0.389259,0.19925319,0.18372355,-0.07080831,-0.11283767,-0.25532862,-0.04329761,0.19918296,-0.15940611,0.1231777
-0.18808582,-0.17275312,-0.06392004,-0.48387095,-0.19419111,-0.12379387,0.27971172,0.12221002,0.02794802,-0.11832514,-0.08048053,0.13241569,0.24792657,0.14920707,0.33866451,-0.07803021,0.29993513,-0.30148298
0.19680724,0.14662522,0.07455986,0.12933645,0.1101991,0.00428301,-0.13736137,-0.18272892,-0.21043174,0.10011565,0.05559703,-0.00142094,-0.12886363,-0.01206955,-0.12964547,0.02204805,-0.05292028,0.08038249
-0.1845877,-0.02560211,0.10948228,-0.35478873,-0.42349479,0.19032955,0.14554839,-0.08780983,0.0424921,0.07216795,-0.11782057,0.0686315,0.36405125,-0.11887589,0.39464964,0.10834529,-0.18832258,0.15338497
-0.45033203,-0.5919375,0.08492422,-0.41261708,-0.22796,-0.08026708,0.46445352,-0.10136484,0.5376375,0.21668125,-0.03416484,0.0555168,0.3014075,-0.0817457,0.24798083,0.17168917,0.45182763,-0.41957083
-0.04992064,-0.0922,0.08878141,-0.07098505,-0.28661957,-0.06744962,-0.00363519,0.01011773,0.1440703,-0.07302219,-0.09669986,0.00971852,0.23650692,-0.05918221,0.15720989,0.00453932,-0.07663585,-0.00831907
-0.02749921,0.12492674,0.07444837,-0.03605403,0.01944376,-0.04455521,0.01883867,-0.07448444,-0.02565418,0.00879386,-0.0089524,0.00580004,0.0392756,-0.04561588,0.0710768,-0.03700927,0.05698562,-0.02789859
-0.1520484,-0.14236474,0.02748222,-0.53669354,-0.22312258,-0.43080313,0.03314553,0.51736889,0.28353926,-0.48666667,-0.23406123,0.13997373,0.30112106,0.21377566,0.38872464,-0.05174384,0.18427748,-0.04360555
0.06368681,-0.04756373,0.01470432,-0.85801,-0.61245508,-0.0311569,-0.06110764,-0.085975,0.05177022,0.08820309,0.13159483,-0.2407027,0.56233012,0.26489935,0.81816171,-0.16487651,-0.07035272,0.04695222
0.011275,0.01323333,-0.03923958,-0.79756364,-0.36215455,-0.05207727,0.08593333,-0.02734167,-0.12615833,-0.05629583,0.123175,-0.00500417,0.49964545,-0.15551818,0.49734545,0.1384625,-0.15708182,0.12561705
0.2261434,0.09657823,0.0202596,0.09840772,-0.0099792,0.06686856,-0.1318592,-0.14666493,-0.15242642,0.07354014,-0.0897287,0.00152874,-0.02594682,-0.07142232,-0.01817997,0.07156373,-0.06992267,0.04364711
-0.26783529,-0.17505017,0.0818436,-0.4594125,-0.10069338,-0.33752721,0.29245882,-0.05558824,0.14241315,0.00337612,0.10343737,-0.02007232,0.29378971,0.13505956,0.16732868,-0.20420766,0.14713676,-0.05542163
0.06672457,0.01585052,-0.04703356,-0.10196324,-0.02168493,0.01356397,-0.00528408,-0.16290692,-0.11731972,0.20257855,-0.08154879,-0.00567163,0.07746395,-0.08530032,0.05473638,0.01094808,0.13192946,-0.06051994
-0.34435062,-0.15531632,0.0023727,-0.06570256,-0.09740456,-0.07565328,0.25531399,0.19347325,0.19581399,-0.12389781,0.12122922,-0.11540137,0.06441513,-0.14273403,0.08048436,0.06881207,0.18762024,-0.06744933
-0.13746784,-0.08016744,0.06525136,-0.26961516,-0.22025723,0.06410509,0.04310988,-0.0604376,0.20372962,0.01208007,0.1022065,-0.04901997,0.31778984,0.02198702,0.14725883,-0.00948324,-0.03084647,-0.00227878
-0.08477899,-0.05612189,0.04111298,0.12398775,0.11026408,-0.10725632,0.10065129,-0.05984244,0.0557621,-0.00959283,0.02656715,-0.04227669,-0.09521946,-0.05320346,-0.17750334,0.06279597,0.12266146,-0.02171107
0.12603225,-0.00439438,-0.11916805,-0.17895492,-0.17221262,-0.21906646,0.00844882,-0.16080459,-0.07826568,0.12872707,0.17672071,-0.15705888,0.21027853,-0.09330009,0.16236945,0.01811922,0.05816714,-0.02306155
0.02715918,-0.05315391,0.05885205,-0.45820161,-0.22235282,-0.44424637,0.10703906,-9.902e-05,-0.08045068,0.02855029,0.12798584,-0.17502734,0.36315878,0.24545055,0.25481039,-0.0947507,0.30739067,-0.10451834
0.15066,0.14151,0.070246,-1.22433333,-0.63358667,-0.00179444,-0.3243,-0.14315,0.010116,0.079188,-0.400698,0.351445,0.84153333,0.07056667,0.86864,-0.05522533,0.03029667,-0.01621756
0.00996151,0.04135939,-0.10482197,-0.21601668,-0.15964478,0.00087103,0.03134983,-0.16761817,-0.14224622,0.16518955,0.1728699,-0.07772889,0.04303797,0.04860304,0.22408079,-0.05246957,0.04552077,0.01636992
-0.06987143,0.18572232,-0.00701148,0.00241111,-0.10342593,0.04953148,-0.06781429,0.09198929,-0.12251964,-0.02590089,0.11519643,-0.10443954,-0.05349722,-0.0226082,0.16644444,-0.04491263,-0.13575661,0.03642255
0.03451479,-0.00447093,0.03898024,-0.04113678,-0.08224822,-0.01721186,-0.00332676,0.00206027,-0.01110519,0.03936546,-0.07215934,0.08367918,0.06419494,-0.00027314,0.06355927,0.05344603,-0.05364973,0.03432582
-0.42486285,-0.12664861,-0.12547292,0.23818134,0.11152862,0.08309565,0.30067014,0.10135087,0.14341319,-0.05707674,0.28549583,-0.18388333,-0.14026919,-0.3247856,-0.06951556,0.21719728,-0.10279955,-0.04986178
-0.06468804,-0.07229304,-0.06448084,0.27613322,0.31648735,-0.02639286,0.03715852,-0.03370396,0.08944008,-0.07242608,0.04752884,0.05961508,-0.26618911,0.00677812,-0.36294135,0.13553822,-0.12033299,0.14568981
-0.0306607,0.06321195,-0.09048828,-0.1466626,-0.00763854,-0.03946953,0.08927247,0.07211203,-0.10898044,-0.00785836,0.00696111,-0.04331562,-0.00610462,-0.06445652,0.1351993,0.05129216,0.17030187,-0.07075775
-0.16123944,-0.30805967,0.32513296,0.13672982,0.16232652,0.18670579,0.24877787,-0.27196597,0.27741118,0.11024396,-0.14286514,0.05168846,-0.17754666,0.16261158,-0.0368244,-0.39344896,-0.17043208,0.04984531
-0.038046,0.10625444,0.14622244,-0.04253149,-0.18509368,-0.17740184,-0.01280889,0.07315622,0.10638667,-0.28656944,-0.13048867,0.15874556,0.07636801,-0.01578771,0.16824123,-0.02648307,0.10320792,0.14159923
-0.16946636,-0.3159284,0.06231111,-0.25441144,-0.41357418,0.00965719,0.25184691,0.06389444,0.3505034,-0.1483,-0.1135034,0.09007284,0.44451494,0.17620859,-0.01769878,0.06284708,0.02159061,0.08648074
0.21172153,0.17009722,0.08378021,-0.12997961,-0.12708582,0.00075053,-0.14526389,-0.1006776,-0.17129861,0.14498542,-0.25406667,0.3072875,0.06117222,-0.04986053,0.12175715,0.13470887,0.03038238,0.13094043
-0.0314963,-0.14288488,0.03845525,-0.5231519,-0.4660823,-0.12183048,0.14188519,0.10795116,0.03315062,0.02741165,-0.04718765,0.04280802,0.51934366,0.31889291,0.48193334,-0.2682297,0.30780942,-0.16487732
0.02420012,-0.12466504,0.10297574,-0.3754782,-0.43128842,0.00150382,0.10091998,0.01283353,-0.03829893,0.14832592,-0.190778,0.0933025,0.46780044,0.25252708,0.298896,-0.20951502,0.10080233,-0.00100689
0.17810028,0.28444294,0.09905194,-0.21141223,-0.17682205,0.02936515,-0.21153913,0.00750686,-0.17078407,0.02018172,0.01686247,0.12407216,0.14406683,0.08236804,0.21943611,-0.01418935,0.23504705,-0.04534895
0.09597184,0.09005132,0.02539314,-0.21864827,-0.18337811,-0.07681343,-0.17616344,0.05727245,-0.01593328,-0.1116723,-0.17895131,0.17578051,0.17426956,0.03098991,0.18323914,0.00844096,0.03178918,0.06827459
-0.23052936,-0.01781017,0.03103223,-0.36850266,-0.18760345,-0.05286148,0.0397322,0.04323916,0.10766271,-0.0291661,0.00818098,-0.02179831,0.39390687,0.15900606,0.26494027,-0.27832835,0.16647479,-0.14840719
-0.04952521,0.04470997,0.1526133,0.06907982,-0.37132281,0.02697398,-0.03061828,0.08336648,0.17603241,-0.1820554,-0.0176903,-0.07899945,0.02123564,-0.0901912,0.07287833,0.10278672,0.00596319,0.0263873
0.02536011,0.25892632,-0.14684155,-0.23597602,-0.55866667,0.10325643,0.05757895,0.12632493,-0.14719751,-0.0532338,-0.00662299,-0.19405263,0.38820242,0.05922827,0.13463721,0.0955643,-0.04781617,-0.01287956
-0.04133302,0.06874263,-0.0002482,-0.2077751,-0.30593057,-0.08771326,0.01533979,0.08154388,-0.06429335,0.04837087,-0.01104869,0.04013193,0.27552154,0.04281632,0.22458878,-0.0555322,0.11851195,-0.00647764
-0.00120617,-0.04287901,0.06722685,-0.18723595,-0.58457778,-0.07172941,0.18575772,0.05303858,-0.03179012,0.04561605,-0.16075185,0.04271759,0.61521347,0.12703361,0.04874354,0.01249662,-0.01665398,-0.12709815
0.13126098,0.02260933,0.1769707,0.01935137,-0.10169832,0.02909468,-0.03894371,-0.07276081,-0.05293494,0.09342435,-0.18072852,0.20509076,0.09514056,-0.07284548,-0.0856527,0.07201935,0.08915088,-0.01280999
-0.10449167,-0.02990764,-0.70376528,-0.06814621,-0.00560303,-0.07541515,-0.02292014,0.37720972,0.05896667,0.01427639,-0.11704167,0.18154236,0.09588289,-0.33631787,-0.07521711,0.16089236,0.4495185,-0.13618946
0.00902727,-0.03500826,-0.02238347,-0.08506636,0.01024,-0.06517455,-0.01778017,0.01741653,0.04314545,0.02680826,-0.17116364,0.06452893,0.05095405,-0.1934319,-0.00686595,0.08115769,0.1406081,-0.02610231
-0.15136759,-0.08063025,-0.27223488,-0.32684216,-0.08191144,0.02403203,0.0881037,0.03423796,0.11908673,0.04933302,-0.17999969,0.18392099,0.18773883,0.07601182,0.16821465,-0.06364857,0.32329385,-0.1440417
-0.12215606,0.07952024,-0.3584576,0.07706488,0.03497423,-0.22667003,-0.00682074,0.07362366,-0.00393619,0.08680979,0.31709304,-0.17803161,-0.05713668,0.11121345,-0.09081176,0.03424945,0.07881396,-0.05136045
0.06078477,-0.06571602,-0.35428359,-0.26281512,-0.22952863,-0.23848831,0.0208082,-0.11306289,-0.0310207,0.2512082,0.28270547,-0.15731016,0.30098272,0.19454257,0.20151599,-0.12696767,-0.04231247,0.09691923
0.05049282,0.0477333,-0.01834037,-0.41942796,-0.41510828,-0.1605757,-0.12222851,-0.01832633,-0.02429178,-0.0196333,-0.04530104,0.16976618,0.37552973,0.33740653,0.42345134,-0.33136629,0.3226975,-0.20363951
0.14402975,0.00562672,0.04886263,-0.36476629,-0.39944394,0.09250104,0.0054595,0.0575258,-0.17723664,0.04822048,-0.10580303,0.12195758,0.34625095,0.21516787,0.38223457,-0.10803273,0.02314097,0.08360278
-0.03146,-0.013789,0.1119475,-0.22020526,-0.12904526,-0.16725263,0.02819,0.047055,0.0042555,-0.05271075,-0.200275,0.048125,0.08027974,-0.02872368,0.27910947,-0.00282934,-0.15641053,0.11208461
-0.04220957,-0.00913549,0.07932654,-0.38170392,-0.25576503,0.05947451,0.09822191,-0.13796543,-0.05495586,0.11098642,-0.03007654,-0.09844136,0.35205881,-0.26836659,0.25844639,0.2284992,0.07462687,-0.00907073
0.11614518,0.04427111,0.02516207,0.10030973,0.08566318,0.16065714,-0.13880571,0.12055434,-0.0145566,-0.14679667,-0.15223448,0.06255172,-0.1768481,0.0203468,0.00482924,-0.04094791,-0.14931182,0.02300086
0.23312768,0.09087551,-0.15035255,0.08086534,-0.0178291,0.16867434,-0.10304541,-0.19574388,-0.18630625,0.21388878,-0.19880179,0.10538827,0.05188287,-0.05020277,-0.0658629,-0.07696828,0.04860239,-0.04341841
0.05946155,0.13819661,-0.26547868,0.15625871,0.02751026,0.10874687,-0.09630485,0.18011415,-0.16787966,-0.09267881,0.24148557,-0.09966844,-0.0644414,-0.2142539,-0.11395651,0.15028626,-0.06948762,0.09007418
-0.08074834,-0.02876559,-0.02623591,-0.11543457,-0.06013675,-0.01061649,0.13602512,-0.03588056,-0.02491095,0.01626263,0.02924889,-0.00743096,0.06799597,-0.05723957,0.03929786,0.07655709,0.16781686,-0.01552707
0.0307772,0.0439306,-0.03623404,-0.10657862,-0.0643263,-0.10083298,-0.00368249,-0.01578653,-0.08547349,-0.01031466,0.07293732,-0.02906659,0.00576581,0.1187592,0.10817522,-0.06403992,0.04535026,0.10039796
0.12921243,0.06830888,-0.14154556,-0.07982436,-0.04146795,-0.18837756,-0.1140071,0.09273905,-0.06721361,-0.0523142,0.07745089,-0.07407633,-0.04299862,-0.03027495,0.15290138,0.02110394,-0.12166662,0.06188728
-0.17667253,-0.17789248,0.14525011,-0.2704973,-0.23820676,0.14958739,0.1232637,-0.10897816,0.240484,-0.03946611,-0.16729438,0.2463886,0.22621993,0.143783,0.28723953,-0.13699409,-0.04429486,0.12163219
0.0008513,0.10165062,0.20495432,-0.41361866,-0.20500385,-0.14412735,-0.08868436,0.34374979,0.00161934,-0.30088025,-0.08329095,0.01082716,0.32351456,0.09424579,0.30728365,-0.10148941,0.12672058,-0.01730394
-0.00371563,-0.01712188,-0.04025,-0.12733929,-0.15117143,-0.73855,0.06611562,0.04578125,0.07428437,-0.31473125,-0.03688125,-0.07890625,0.13191339,0.2101625,0.01183839,0.08818393,0.32672321,-0.2649625
-0.01312711,-0.04716844,-0.09156667,-0.09696095,-0.1060581,-0.57114286,0.08840311,0.04322,0.08406978,-0.24036,0.00926,-0.15677333,0.12156879,0.17923857,-0.08245978,0.24213,0.25582429,-0.26132714
-0.01846077,-0.06072948,-0.10035397,-0.0923719,-0.10255905,-0.52339,0.10166009,0.04910635,0.09856485,-0.25646349,0.02484921,-0.19675873,0.12572015,0.17923437,-0.10823985,0.28421135,0.23610437,-0.27280865
-0.16087648,-0.21350051,0.18001563,-0.55564497,-0.22750706,0.29130323,0.32330336,-0.16465383,0.10100723,0.04874397,-0.13069065,-0.08298824,0.34121381,0.19699539,0.40959842,-0.18953616,-0.16066887,0.15193637
-0.484125,-0.1879375,-0.271425,-1.2767,-0.567825,0.18495,0.212625,0.984225,0.33601875,-0.440275,-0.49491875,0.4184375,0.757725,0.243875,0.7778,-0.18215625,-0.59126667,0.34849375
0.25275133,0.07091,-0.22450784,0.03026044,0.03157918,0.14585703,-0.16569969,-0.16230605,-0.16461531,0.12910894,0.03802641,0.00817188,-0.05110577,0.04922765,0.0349193,-0.01934456,-0.14742574,0.03948012
0.10288287,0.06735521,0.21718465,-0.37987939,-0.36037299,0.21358396,-0.11475146,-0.15090839,-0.0495301,0.10102647,-0.21720898,0.14102504,0.48357916,-0.18685155,0.30578093,0.03742172,-0.08973588,-0.0172734
-0.423128,-0.515445,0.388895,0.19414667,0.23917778,0.53207222,0.60121,-0.87454,0.62307,0.389065,-0.48671,0.185695,-0.03286889,0.35441778,0.04790889,-0.71751944,0.36036667,-0.53365278
-0.17723565,-0.11261746,0.09774704,-0.26305662,-0.19562585,-0.12123138,0.13321849,-0.10202574,0.14716864,0.08325178,-0.28424453,0.23488743,0.22847942,0.46618802,0.19241973,-0.41362309,-0.09266121,0.04802983
-0.06345325,-0.02298698,0.15385784,-0.51736585,-0.412388,-0.068468,0.06454793,-0.1735426,0.00818639,0.13354527,-0.30290414,0.2413645,0.44324099,0.46114722,0.46300561,-0.43315988,-0.05812524,0.03668104
-0.16487589,-0.09074763,0.11415533,-0.71622708,-0.47726877,0.03094615,0.09937337,-0.09949098,0.14248713,0.01102027,-0.07441509,0.08958195,0.53570976,0.48392299,0.61889099,-0.43284512,-0.26689608,0.18008934
-0.25015251,-0.20602115,-0.08601124,-0.80227338,-0.592398,-0.02788123,0.24143506,-0.29722189,0.20230192,0.22708846,0.22163831,-0.1874821,0.58776562,0.44751282,0.75638346,-0.40928638,-0.22418918,0.16465315
-0.48508012,-0.40077305,-0.03812258,-0.6431128,-0.53481161,0.06741,0.50591384,-0.16390718,0.36763039,0.1717794,0.31778065,-0.28840645,0.54782317,0.22073828,0.5995136,-0.15649914,-0.24265097,0.13627215
0.7327699,0.40749412,-0.09087509,0.42092169,0.04350625,0.44355331,-0.58702353,-0.06010381,-0.56280588,0.1821,-0.1703083,0.21002941,-0.13821287,-0.18672543,-0.18573934,-0.01000956,-0.3674769,0.17800184
-0.1108015,0.0266525,-0.13014125,-0.2317,-0.25077789,-0.01786711,0.0745675,-0.1658525,-0.0288145,0.1230875,0.25372875,-0.14964875,0.25662458,-0.27029513,0.20370984,0.18637645,-0.0078725,0.05011803
-0.31141728,-0.21172099,-0.154,-0.14449306,-0.33448611,-0.0005625,0.37566543,-0.07408519,0.2970284,0.03804074,0.07006667,-0.09535556,0.34945525,-0.52854167,0.3765108,0.33589167,-0.32200833,0.17507083
-0.33763704,-0.19252099,-0.2314,-0.1257875,-0.33088611,0.00821667,0.42456296,-0.13293333,0.22891605,0.08057778,0.24252963,-0.16069259,0.27303241,-0.39834722,0.4854213,0.24519352,-0.54621389,0.27077269
-0.31625926,-0.15927654,-0.08472222,-0.05954722,-0.41348611,-0.22111667,0.37414198,-0.03874074,0.3326963,-0.06236296,0.03173333,-0.16167407,0.25352809,-0.4428588,0.53153781,0.35986898,-0.69020046,0.48518565
-0.07495332,0.00633089,-0.12366551,0.3150409,0.16304253,-0.21379317,0.08073199,-0.1832259,-0.05088393,0.17058615,0.34670042,-0.21341814,-0.24492653,-0.00269839,-0.20967965,0.07303168,-0.21964406,0.2355405
-1.00909388,-0.74390612,0.12217551,0.40800952,0.47414762,0.61352857,1.00642449,0.0280898,0.7961449,-0.03629388,0.55332041,-0.74926122,-0.51260204,-0.10981803,-0.30530918,-0.00205918,0.02269626,-0.09594728
-0.403448,0.153792,-0.0963,0.674695,0.72936,0.23005,0.249492,0.613348,0.033792,-0.538752,1.1538,-1.3077,-0.983671,-0.139595,-0.411036,0.107255,-0.524275,0.601975
-0.795664,-0.725904,-0.268324,0.146005,0.137385,-0.037545,0.759984,0.462056,0.759984,-0.441336,0.462056,-0.441336,-0.313749,0.126609,0.218751,-0.220029,-0.068116,0.275196
0.02903403,0.13365433,-0.09296486,-0.25725282,-0.03605941,-0.08111847,-0.10583506,0.09332261,0.02286494,-0.04407482,-0.224694,0.25603991,0.07468498,0.32482284,0.20819181,-0.21159977,-0.14213316,0.21393709
-0.02846021,-0.08431661,0.08196886,-1.12115294,-0.82918787,-0.28940882,0.03637682,-0.1042173,0.04447232,0.08803633,-0.37396955,0.32867474,0.82968579,0.43406339,1.12217476,-0.29255469,0.07960162,0.09962987
0.20335052,0.33639567,-0.08694273,0.31692478,0.09485125,0.03300196,-0.4676308,0.15599343,-0.1363583,-0.09751834,0.00239602,0.16315277,-0.28846689,0.0013327,-0.06148712,0.01458712,-0.09284047,0.08008257
-0.07803333,-0.13656667,-0.45423704,-0.978625,-1.1059125,-0.48425833,-0.24598889,0.1075,0.36397778,0.18945556,-0.49008519,0.53063704,1.3476125,-0.7782125,0.6462875,0.84739583,0.775625,-0.468325
-0.01442708,-0.03067778,-0.01195833,-0.09573636,-0.11893939,0.11863636,-0.01077222,0.07292708,0.11046667,-0.15791667,-0.016825,0.0409,0.08192677,-0.09951364,-0.05787929,0.26618182,0.12666364,-0.21314545
0.02137931,-0.10241118,0.04711974,-0.05040357,0.01419273,-0.22461158,0.09332069,-0.13439655,0.01434828,0.158222,0.08018621,-0.04651225,0.03772894,0.25912993,-0.03040653,-0.13545989,0.08420345,-0.04126248
0.37698733,0.26703889,0.09005833,-0.29110326,-0.31327029,-0.09815435,-0.23109236,-0.58969375,-0.41081736,0.50795,-0.30782708,0.23290833,0.40223602,-0.07946241,0.2251708,0.05805254,0.41296368,-0.39916486
0.45314722,0.33262483,-0.04381667,-0.34614783,-0.39022029,0.12987826,-0.31796944,-0.85740833,-0.46758194,0.71909167,-0.00541667,-0.045325,0.43830115,0.02343478,0.31551419,0.0655,0.3796087,-0.37146522
0.02918681,0.17219983,-0.05094167,-0.65372065,-0.45232029,-0.11106739,-0.05249965,-0.28112917,-0.20404965,0.36053958,-0.1380125,0.14874792,0.60030527,0.09170018,0.51416179,-0.07462726,0.41171757,-0.42933161
0.22525347,0.23312344,-0.13570851,-0.8206221,-0.55418913,0.17378696,-0.15366354,-0.30887743,-0.32923021,0.36314844,-0.08727326,0.12828594,0.70906898,0.03580207,0.61214289,-0.00835913,0.36794989,-0.38543739
0.09061181,0.11842344,-0.02295851,-0.86202645,-0.60998913,0.15552609,-0.04994271,-0.06836076,-0.13291771,-0.06552656,0.03660174,-0.12358906,0.78104289,0.02419337,0.64424289,0.00064087,0.30281946,-0.27222
0.04246181,-0.05517656,-0.08820851,-0.72436123,-0.3730413,-0.25743043,0.08813646,-0.2497941,-0.08743021,0.23914844,-0.02818993,0.00428594,0.49894289,0.30275859,0.53527767,-0.26028087,0.47703685,-0.3706113
-0.215772,-0.32648944,0.22639584,-0.46564167,-0.18330817,0.31534183,0.215308,-0.140076,0.33997152,0.17729392,-0.42563296,0.41173712,0.292042,-0.019041,0.3054555,0.01122675,-0.05543067,0.04187725
-0.1468064,-0.3353072,0.272592,-0.30045333,-0.15392083,0.20786267,0.164192,-0.230176,0.34407728,0.21604,-0.54036736,0.4231664,0.23644837,-0.0823504,0.1634722,0.06117108,-0.13643223,0.08820441
-0.1213808,-0.13967174,-0.17297462,-0.71949217,-0.56929715,-0.07792137,0.12523361,-0.19948697,0.07795953,0.27875706,0.05314266,0.06351262,0.59694332,0.20069993,0.67268619,-0.22057017,0.06619965,-0.0393988
0.06343176,-0.04263393,-0.0797426,-0.71581561,-0.28049259,-0.17910926,0.02788788,-0.06465957,-0.03558036,0.05117321,0.09884872,-0.03441301,0.43595946,0.42986087,0.48243618,-0.25793558,0.31121378,-0.18672712
0.43316667,-0.44231111,-0.58413889,0.1001,0.51454242,0.2611697,-0.05983333,-0.67306667,0.05449931,0.80552569,-0.89498611,1.08461389,-0.24105758,0.36980606,-0.13236591,-0.55701919,0.36600909,-0.53213586
0.00539722,0.10906667,-0.20330764,-0.61590072,-0.38223587,-0.2796154,0.02572361,-0.18532361,-0.17913854,0.08687292,0.28912465,-0.13320694,0.45310498,0.51386941,0.51738053,-0.37115138,-0.24383729,0.36225677
-0.009284,-0.106652,0.1857736,-0.65261367,-0.45602083,-0.01211733,0.04794288,-0.1616824,0.082736,0.149684,-0.040744,0.03836928,0.44970533,-0.15848786,0.62104967,0.19056883,0.11899531,-0.10505133
-0.62370625,0.03142344,-0.33875,-0.56416786,-0.56260893,-0.35808571,0.25200938,0.0549875,0.07925937,0.0945875,1.0964125,-0.6712875,0.53652455,0.50638929,0.52972455,-0.4345625,0.46097143,-0.40763571
-1.94271406,-0.82691406,-0.31025156,0.91181429,0.46870536,-0.41870714,1.35071094,0.16690781,1.17796094,-0.04511719,1.20833281,-0.81099219,-0.82373772,0.24231183,-0.75553237,-0.13235603,0.11151004,-0.02294531
1.5409375,0.84258281,0.38894375,0.8464,0.44500179,-0.76464286,-1.1674875,-0.6504875,-1.15751719,0.47013281,-1.00363125,0.69474375,-0.594,-0.16402857,-0.69777321,0.42943125,0.21129286,0.11542768
-0.10076406,-0.04,-0.17015625,-1.32061786,-0.45157143,-0.83800357,0.14671875,-0.36035312,-0.02603125,0.3004375,0.68107187,-0.4654375,0.67825446,1.27478705,0.74645982,-0.79504464,1.14398527,-0.68563393
-0.0074,-0.01515,-0.68424375,-0.16909821,-0.26541071,0.23616607,0.012875,0.14430625,0.047375,-0.1054625,0.1090625,0.0219,0.21861652,-0.47031496,0.18832366,0.51849241,0.26832254,-0.17018973
0.02305775,0.07375556,-0.04235995,-0.12759003,-0.46854231,0.13617735,-0.03762826,-0.10340631,-0.11043333,0.08716296,-0.1075273,-0.05074623,0.30964957,-0.20999969,0.32643319,0.23729416,-0.32417078,0.24400171
-0.10851474,0.07837455,-0.09065864,-0.13924894,0.1425165,-0.12498656,-0.04524815,-0.02163053,0.11655389,0.0041197,-0.04936726,0.10789113,0.08109083,0.28597713,0.01401626,-0.24236013,0.25553856,-0.13157157
-0.48792569,-0.55975417,-0.36482292,-0.33554318,-0.27221591,0.35357273,0.73454583,-0.43595486,0.31603819,0.55318403,0.04808958,-0.09715417,0.00133756,0.75344375,0.63430196,-0.70265852,-0.07513277,-0.07718883
0.08381749,-0.00819915,-0.10485858,0.17232888,0.03265067,0.00621707,0.0380906,0.10087416,-0.02952216,-0.12447653,0.00940263,-0.00446239,-0.13548395,0.01538964,-0.04938814,-0.20701869,0.04289679,-0.01713961
0.00733738,-0.04187062,-0.16266088,-0.28410673,-0.1806641,-0.03656462,-0.04916856,0.06046763,0.11945125,-0.02996375,0.11913338,-0.02649631,0.16051171,0.24394853,0.29555159,-0.24647553,0.32333943,-0.22160284
0.13971934,0.16721811,0.07919081,0.21462778,0.1606765,-0.00993148,-0.20090713,-0.19946022,-0.09793086,0.09545144,0.07465391,-0.04665981,-0.26450467,-0.1293313,-0.14651792,0.06422686,-0.20660822,0.19227729
0.29892976,0.12549343,-0.29952007,-0.31291728,-0.22939963,0.26535,-0.26855813,-0.10845467,-0.15165917,0.26748997,0.10665225,-0.17050138,0.19176931,-0.19419888,0.39552336,-0.21328532,-0.46090182,0.29318821
0.2174325,-0.072405,-0.09186,0.13813684,-0.05596053,0.27194658,-0.053655,-0.173695,0.0436475,0.100085,-0.44435275,0.225249,0.02812237,-0.16879882,0.01331974,0.07081961,-0.22647039,0.08824566
0.15288781,0.08664737,0.05357064,-0.37921082,-0.29278889,0.04469123,-0.0971,-0.24807978,-0.13940526,0.21526316,-0.11561662,0.14399474,0.38241608,-0.23684917,0.36494327,0.1710883,-0.3788401,0.26705526
0.04047641,0.02066686,0.21088041,-0.12582437,-0.04553824,0.06407563,0.11127657,-0.30693755,-0.040032,0.12279429,0.11301959,-0.28690857,0.16404931,-0.21569371,0.04984024,0.05852529,0.09604091,-0.3046679
-0.18715576,-0.08088857,0.06259714,0.0695658,0.01353235,0.01256059,0.05355429,0.3451298,0.20035714,-0.27526,0.00644971,-0.10161143,-0.07071529,-0.21241091,-0.09263975,0.26291882,-0.13712654,0.19794882
0.27552625,0.04519525,0.2084765,-0.06178718,-0.15374231,0.12300013,-0.10990688,-0.278885,-0.1547725,0.1668555,-0.352725,0.16164325,0.07176066,-0.09556338,0.18173431,-0.00908139,-0.01934723,-0.00959203
-0.26376694,-0.59801074,-0.01786777,-0.66329273,-0.41844818,-0.29866545,0.50885702,-0.35757355,0.35489008,0.27306116,0.06704711,-0.04553306,0.60211066,-0.33865678,0.46666793,0.35069421,-0.18312041,0.24258694
-0.1471318,-0.25580059,-0.08605651,-0.74857815,-0.53878769,-0.51884615,0.36671065,-0.6511858,0.06492367,0.5115287,0.63318373,-0.51822604,0.5377898,0.33979746,0.65321903,-0.10596364,0.05832422,0.11555943
-0.23730748,-0.16625578,-0.24731565,-0.20247167,-0.18837286,-0.20404786,0.17296621,-0.06490227,0.22217483,0.05487347,0.19423265,-0.13279932,0.16515269,0.2223548,0.22541221,-0.16926439,0.01577837,-0.02686082
0.21269216,0.28370448,-0.26304,-0.15698567,-0.013248,-0.11241833,-0.26522064,0.099272,-0.26704512,-0.031704,-0.1730912,0.2137248,0.09129242,0.19562087,0.07125442,-0.1644194,0.24070087,-0.1351394
0.14789728,-0.06564672,-0.12576,-0.36071533,-0.1401045,-0.17381,-0.03877104,-0.284392,-0.04155696,0.216024,-0.2338896,0.1812528,0.21734292,0.36550253,0.21734292,-0.2419044,0.36550253,-0.2419044
0.123824,-0.002808,-0.089056,-0.59821667,-0.2355615,-0.27078833,-0.068952,-0.089264,-0.0603696,0.0768192,-0.164592,0.15312,0.3941743,0.52546767,0.3548643,-0.4236848,0.20566767,-0.0812048
0.22816983,0.21603161,-0.29403306,0.19043247,0.09700519,0.2519184,-0.21727314,-0.40555372,-0.23073781,0.34031405,-0.35614112,0.2901688,-0.10627235,0.33251187,-0.1203782,-0.26538411,0.38427745,-0.31791723
-0.49074,-0.10112,-0.028612,0.299925,0.00795,0.090915,0.250976,-0.148924,0.20394,0.07096,0.05246,-0.019132,-0.21373,0.142723,-0.123965,-0.02337,-0.202492,0.09176
-0.07926,-0.014244,0.02224,0.02375,-0.139655,-0.80155,-0.008468,0.117832,0.06584,-0.090264,-0.10542,0.06394,0.088338,-0.256855,0.002513,0.42511,-0.04009,0.235905
-0.155364,0.006868,-0.0317,-0.05293,-0.155665,-0.243975,-0.001196,0.188176,0.039512,-0.092168,0.01052,0.03004,0.109942,-0.304175,0.078097,0.226075,-0.28157,0.21091
-0.33713967,-0.19484876,0.31099421,-0.12948273,-0.67111182,0.37950727,0.16381405,0.06253058,0.37554463,-0.17009917,-0.50474876,0.29115041,0.60575198,-0.77786207,0.59178562,0.3337938,-0.18736934,-0.06912165
-0.10291556,-0.25779138,-0.00560307,-0.41245946,-0.22802763,0.21784632,0.23530431,-0.04195646,0.17919591,0.02498707,-0.17172988,0.07240745,0.33841218,0.05517214,0.29638598,-0.08706804,-0.05388867,0.14076439
0.01828462,-0.33403905,0.05759704,-0.23439167,-0.57785769,0.49644359,0.14888462,-0.27903846,0.15000947,0.25447456,-0.2213497,0.22093964,0.41074167,-0.123225,0.52586603,0.00087091,-0.70769038,0.55448373
0.15712426,-0.08686686,-0.3211,0.08548846,0.05845,0.22974103,0.03805858,-0.22130769,-0.17803018,0.34995385,0.0205432,0.13178817,-0.21609453,0.59930597,0.1010356,-0.72445054,-0.46405942,0.41876292
0.37862722,-0.0345213,-0.13502722,0.02868654,0.04897308,0.02971026,-0.19441302,-0.05092722,-0.12742189,0.15789882,-0.3458497,0.29068698,-0.08938097,0.65855251,0.01360942,-0.54738545,-0.35796351,0.29219339
-0.19609931,0.04017889,-0.29749862,-0.01164301,-0.05882132,-0.06697022,-0.04134983,0.34778651,0.05578028,-0.15735363,0.51489827,-0.22443426,-0.18142807,0.10390026,0.16345171,-0.11219379,-0.03508503,0.16164591
-0.07149595,-0.03500369,-0.06395199,-0.25329884,-0.1058639,0.22447018,0.0356392,0.07678114,0.05979851,-0.10149726,-0.06526686,0.01427983,0.18313385,-0.13997765,0.13139464,0.17728462,0.21147815,-0.21203136
-0.24930368,-0.39327552,0.09484832,-0.52015183,-0.3236695,-0.150059,0.40963984,0.24002912,0.24033904,-0.20749136,-0.48554448,0.35823824,0.31754825,-0.19649763,0.45621108,0.24965971,0.06367504,-0.09093279
0.01182066,0.26443636,-0.17643921,0.03130066,0.0968625,-0.03016667,-0.17038356,0.31429357,-0.17552121,-0.10551212,0.02837906,-0.01203398,-0.27826894,0.21873001,0.11915672,-0.25094242,0.08501135,-0.00115928
-0.00195496,-0.03722417,-0.23169587,-0.57151385,-0.56203571,0.0420026,0.05647769,-0.18473843,-0.02176901,0.26764132,0.42270083,-0.42849174,0.60115016,-0.10151401,0.56783739,0.18274124,-0.07075297,-0.06026936
-0.3272052,-0.1362872,0.01030645,-0.28152591,-0.25475118,-0.14400462,0.07137523,0.08269032,0.36454246,-0.14157742,0.19436566,-0.13228023,0.30535842,0.17856083,0.29762874,-0.22267665,0.08130868,-0.05912257
0.08225009,0.06828185,-0.38616862,-0.40975158,-0.5389668,0.07996146,-0.14399149,0.13498185,-0.08961701,0.01653176,-0.1452811,0.35340132,0.62441732,-0.18758348,0.33359914,0.25010167,0.33280368,-0.35297699
0.2106213,0.15252722,-0.11312308,-1.01298205,-0.9200641,0.03660449,-0.29093609,0.00882308,-0.15781657,0.12689231,-0.2862787,0.30992544,1.11217155,-0.33592761,0.84388052,0.16333245,0.47363841,-0.43213807
-0.08750723,-0.14602955,-0.06031818,-0.63108117,-0.47905,0.06995238,0.0864436,0.03425372,0.13600682,-0.01662273,-0.03848182,0.02827273,0.61536916,-0.12719113,0.54688669,0.14350714,0.08971472,-0.23904762
-0.10219876,-0.13955248,-0.20721839,-0.73931558,-0.58087792,0.14355758,0.0890781,-0.05469463,0.13488264,0.10423388,0.06863264,-0.07916157,0.77073813,-0.08060472,0.60756541,0.02296503,-0.0816097,-0.0242025
-0.07492336,-0.04853855,-0.30898866,-0.842245,-0.91669548,0.27853595,0.19262268,-0.13708662,-0.09527982,0.2143263,0.40240862,-0.31393583,0.82661533,0.21756907,0.919967,-0.24874351,-0.38601188,0.33219244
-0.35507959,-0.13028571,-0.1544,0.26695476,0.14155,0.11097143,0.22106122,0.2708,0.20927143,-0.1596,0.20245306,-0.12604082,0.10563333,0.16862313,0.07812381,-0.0915381,0.00914694,-0.01323333
0.80054911,0.26864852,0.60508876,-0.66259487,-0.22126474,-0.54276923,-0.48636213,-0.83550296,-0.44078107,0.45878107,-0.5555503,0.32009467,0.29542485,0.58684024,0.30588126,-0.33486095,0.46991716,-0.25897633
-0.13350796,-0.05201176,-0.36349273,-1.75519853,-0.7633625,-0.47177463,0.11771592,-0.23224464,0.00082941,0.41523529,0.06869965,0.03595952,1.23407022,0.93566129,1.11459963,-0.6495386,1.11805357,-0.80741434
0.03821696,0.08257993,-0.11939273,-1.46795699,-0.92084338,-0.36420074,-0.06004152,0.09068443,-0.14839308,0.04861453,-0.2121436,0.20130173,1.1754734,0.74388854,1.17171053,-0.56268795,0.54323596,-0.32387031
0.24285433,0.25553253,0.01953218,-0.02036985,-0.12280441,-0.10843051,-0.20000208,-0.50199758,-0.29170796,0.29694637,0.36106713,-0.32937716,0.10490906,0.31991743,0.09319656,-0.18844012,0.06122368,-0.08324637
-0.06889592,0.06064643,0.23405204,0.01953407,0.21725495,1.5108967,-0.06523571,0.19553367,-0.05170204,-0.12978469,0.15062449,-0.11964643,0.0476117,-0.13481232,0.09784906,-0.58459164,-0.25909254,-0.56539878
-0.55928994,-0.56576331,-0.13606154,-1.11778974,-0.65708269,-0.02508333,0.63352249,0.15206923,0.4573071,-0.06971538,-0.16201538,0.15041538,0.70843393,0.22344038,0.99567046,-0.26517885,0.32995,0.00028333
0.28850694,-0.20007778,-0.05255139,0.22850682,0.30839697,-0.05145985,-0.03220278,-0.52935139,0.02592361,0.43729861,-0.68681806,0.60403889,-0.22396294,0.22759956,-0.16094855,-0.25403681,0.30012456,-0.28939438
0.12430247,-0.03527284,0.05321235,-0.71300833,-0.38452361,0.08444167,0.18062716,-0.03077654,-0.2679642,0.05775679,-0.30554198,0.16620494,0.37094522,0.11762022,0.68876744,-0.10626728,-0.5062284,0.43486188
-0.01797929,0.0879179,-0.02118639,-1.39307015,-0.93318015,-0.00346646,-0.14610562,0.1800355,0.08882515,-0.12876568,-0.00314911,-0.05991183,1.05901224,0.1131088,1.20186993,-0.11940093,0.37974819,-0.40598801
0.01348203,0.00348203,0.03381563,-0.01966833,0.01317,0.03635625,0.01241836,-0.04631563,-0.01522031,0.0020875,0.04945859,-0.0523918,0.01434005,-0.02008091,0.0104788,-0.01518734,-0.02835341,0.00457141
0.08689167,0.24777778,0.10936111,-0.09580667,-0.11991333,0.02518667,-0.12079444,0.17912778,-0.52969167,-0.19721111,0.118775,-0.36996111,0.03734389,-0.13831389,0.11587722,-0.14356944,0.11872278,0.03662056
-0.26474667,-0.31898844,-0.14147689,-0.35519143,-0.2311781,-0.37873333,0.01202133,0.300304,0.56902222,-0.27655644,-0.74839556,0.70536844,0.08848276,0.6429201,0.30185657,-0.43957283,0.58180914,-0.27578997
-0.15984298,-0.05119731,-0.28877624,-0.73809481,-0.19899848,0.06372792,0.09846343,-0.0956312,0.03543595,0.13784649,0.34684959,-0.14687459,0.38214682,0.07897691,0.39582777,-0.08503704,0.01199596,-0.04168466
-0.36520083,-0.25631653,-0.31641947,0.14774574,-0.03196903,0.14764489,0.31545096,0.36324738,0.28606713,-0.2841169,0.1684359,-0.12126832,-0.08107695,-0.53603782,-0.08451114,0.51165197,-0.05042039,0.08900017
0.01533384,-0.03398985,0.01332418,-0.12130585,-0.15556353,-0.04452441,-0.04995071,0.07834314,0.07693198,-0.15417075,-0.07906572,0.05993417,0.13538929,-0.2814746,0.15628279,0.24561239,-0.03020738,0.01208581
0.10123788,0.05272689,0.02788927,0.1265246,0.17783847,0.16561319,-0.08846613,-0.22650472,-0.0205701,0.17100384,-0.11778483,0.11968676,-0.20329387,-0.17201323,-0.15322245,0.10346217,0.12372352,-0.01653299
-0.146192,0.02664,-0.09036,-0.06624,-0.039525,0.2244,-0.020836,0.157276,-0.03238,-0.04154,0.20338,-0.04124,0.03333,-0.120005,0.033305,-0.000725,-0.23913,0.0084
-0.035952,0.02788,0.00084,-0.268065,-0.0421,0.0239,-0.017816,0.012796,-0.06,-0.00098,0.11898,-0.05244,0.08409,-0.066155,0.03624,0.017225,0.146845,-0.072775
-0.12137918,0.07044201,-0.14096006,0.10037988,-0.07812448,-0.00934443,0.00919063,0.05847493,0.00412252,-0.00888003,0.1413463,-0.07542204,-0.03155361,-0.01893696,0.07430765,-0.02049457,-0.25247906,0.14503005
0.0958625,0.0706125,0.1555625,-0.12166429,-0.19122857,-0.09828571,0.01210938,-0.13111406,-0.1233,-0.0121875,0.125,-0.139125,0.25455893,-0.41180714,0.01058036,0.27691429,0.052925,0.03844286
0.08925312,0.0625,0.2337375,0.00449643,-0.1796,-0.13462857,0.01291719,-0.12722187,-0.056925,-0.051275,-0.00775,-0.1229,0.23913929,-0.48610179,-0.0845625,0.33294286,0.11463929,0.0309
0.13448125,0.0551625,0.21965937,-0.02969286,-0.28534286,-0.2026375,0.0933,-0.329925,-0.1663,0.0544875,0.17078281,-0.18812812,0.31982143,-0.58308304,-0.02990714,0.41033393,0.08466696,0.06654107
0.05585,0.07845,0.06339688,-0.09785714,-0.21945714,-0.2171375,-0.0010875,-0.0684125,-0.14937187,-0.00848125,0.22622656,-0.13514375,0.20279286,-0.33559643,0.07084643,0.27312098,-0.09581964,0.15923527
0.20116562,0.0839,-0.18964219,0.13279643,-0.00152143,-0.07860714,-0.077725,0.05578594,-0.19131562,-0.04204219,0.22113437,-0.003675,0.09100826,-0.12116674,-0.10846138,0.06742121,0.07172076,-0.01659308
0.0393875,0.0631375,0.08297187,-0.06380714,-0.16652857,-0.18575179,0.0134,0.04444688,-0.0802,-0.12995625,0.09185,-0.0680625,0.19369687,-0.41330379,-0.00022098,0.24893616,0.02649085,0.11470759
0.0149125,0.051925,0.07990938,-0.11148571,-0.18969286,-0.18450179,0.0278625,0.0425,-0.061225,-0.12844687,0.05335,-0.0453125,0.21440179,-0.42080179,0.03389821,0.26871094,-0.04524107,0.16318058
0.25406735,-0.00012704,-0.51790204,-0.45087143,-0.27563736,0.4478522,-0.09632398,-0.45021939,-0.11303469,0.53751735,0.14983265,-0.13816173,0.24077728,-0.06588293,0.54525969,-0.39623167,-0.54105381,0.32251173
0.35963163,0.19076378,-0.58884898,-0.43272198,-0.39686374,0.30865824,-0.35752449,-0.00142245,-0.16197806,0.22098316,0.23758265,-0.22853265,0.25567119,-0.20703485,0.59377834,-0.06397394,-0.35949089,0.26090078
0.08790069,0.16885848,-0.33501246,-0.96750551,-0.92530809,0.65544118,-0.06715571,0.23071315,-0.09095433,-0.24056159,0.01384671,-0.12381626,0.66657885,0.11377872,1.24437958,-0.35771994,-0.26398157,0.08645727
-0.21539339,-0.30495785,-0.15155702,-0.50027636,-0.25231364,-0.34728545,0.21952645,0.17572066,0.39903554,-0.22274463,0.30072066,-0.20454463,0.48962537,0.54127116,0.22297901,-0.30329355,0.42086661,-0.3212681
0.11091059,-0.03794834,-0.0453449,-0.0072586,-0.01349272,-0.09416349,0.00576594,-0.13498673,-0.02136798,0.09942398,-0.11815651,0.02003457,-0.02325514,0.08459636,0.03093679,-0.11135708,0.29361342,-0.05530999
-0.37448827,-0.56562602,0.21969694,-0.76319011,-0.45581374,0.14302143,0.29712704,-0.02185204,0.66845663,0.06462959,-0.42381276,0.41260663,0.60772673,-0.10527633,0.54946739,0.137821,0.26425279,-0.18634878
0.08441984,-0.056944,0.0787512,0.1961265,0.0818485,-0.26171,-0.06448,0.22162112,0.04420768,-0.20307376,-0.1385456,0.11934,-0.04953222,0.1871109,-0.19368655,0.0198818,-0.33593093,0.28342897
-0.78431574,-0.25541481,-0.50453488,-0.01674575,-0.1048451,0.21966078,0.42817685,0.56041265,0.47635926,-0.27718642,0.53493796,-0.29896019,0.17009045,-0.35743647,-0.08896609,0.25608504,0.13650176,-0.20448326
0.19294272,0.0805264,-0.04410048,-0.42629133,-0.34810767,0.06083883,-0.0349112,-0.51513216,-0.22453904,0.38736512,0.34592416,-0.2523096,0.28964539,0.13613462,0.48630172,-0.10330601,-0.22466488,0.16747149
0.21070523,0.23847746,-0.0067556,-0.04573363,0.03226658,0.02122159,-0.24000391,-0.1280959,-0.25963493,0.13951502,-0.06693898,0.16451384,-0.00750459,-0.11903735,-0.00201842,0.05948249,-0.0896193,0.06011365
-0.03383043,0.15050284,-0.15598941,-0.41958538,-0.6195919,-0.3308247,-0.07077183,0.09896749,-0.08666522,-0.11658544,0.07171304,0.03618507,0.54304679,-0.04819779,0.52500627,0.21860747,-0.05568099,0.05714561
0.01395799,-0.01307456,-0.00838817,-0.05504423,-0.00355897,-3.85e-06,-0.00723728,-0.00101716,-0.00729941,0.01118107,-0.00203787,0.0145716,0.02094527,0.01041642,0.02441642,-0.00609729,0.00647411,-0.00042421
0.10271826,0.05953611,0.30744973,-0.09430622,-0.24781756,0.32490463,-0.108105,-0.45629625,-0.00734646,0.30101011,-0.34747674,0.26779548,0.20821975,-0.15535478,0.19459963,-0.00150402,-0.21757064,0.1134197
0.1063461,0.08833773,0.10065926,-0.08639166,-0.00149456,0.11977966,-0.13413208,-0.13925223,0.00418542,-0.03858377,-0.13266742,0.11253619,0.12599761,-0.08579219,-0.00788935,0.07413772,0.0558732,-0.05618161
0.19450121,0.19338992,0.12912857,-0.13543744,-0.23426714,0.15468,-0.12340542,-0.10300529,-0.16968176,-0.07182921,-0.04437321,-0.03783393,0.30683851,-0.26647701,0.0720136,0.21307195,0.23882188,-0.29416065
-0.2928768,-0.19630866,0.2517813,-0.28818165,-0.15232055,-0.00556174,0.16229993,0.00402521,0.24904467,-0.09894903,-0.13171427,0.21274571,0.1524973,0.22767934,0.28420348,-0.17781128,-0.03371489,0.1527252
-0.0827786,-0.13050541,0.32113923,-0.17965158,-0.20222222,0.08551832,0.12108802,-0.24693725,0.10609459,0.08175405,-0.24020153,0.24546209,0.14647545,0.06212613,0.22676156,-0.03149407,-0.21158723,0.24095871
-0.19513981,-0.31525807,0.30843652,0.21320511,0.21424467,0.01192545,0.19613097,-0.08234558,0.32698444,0.1218206,-0.21313236,0.04597012,-0.1916169,-0.31163669,-0.34510541,0.31812477,0.01606579,0.02774196
0.01354867,0.11553333,-0.19948402,-0.12269545,-0.053925,-0.1752892,-0.00501726,0.20397897,-0.14665758,-0.01064848,0.09196749,-0.02614435,0.0980892,0.09818905,0.04363163,0.00386108,0.06777664,0.02726392
