0.11966209,0.0,0.0,0.05983104,0.08974657,0.05983104,0.05983104,0.0,0.05983104,0.05983104,0.0,0.05983104,0.05983104,0.05983104,0.0,0.02991552,0.05983104,0.14957761,0.02991552,0.02991552,0.01578676,-0.00175415,0.02375202,-0.01008804,-0.03823314,0.02332432
0.0624171,0.1872513,0.03120855,0.0,0.0,0.09362565,0.03120855,0.03120855,0.03120855,0.09362565,0.0,0.0624171,0.0624171,0.09362565,0.0624171,0.0,0.0,0.1248342,0.0,0.0624171,-0.0048855,-0.00285277,-0.01090484,-0.00389528,-0.01592264,0.00857892
0.12902327,0.19353491,0.0,0.03225582,0.03225582,0.09676745,0.0,0.09676745,0.0,0.03225582,0.0,0.0,0.03225582,0.03225582,0.12902327,0.0,0.03225582,0.0,0.03225582,0.09676745,0.01007683,0.01893973,-0.01020363,0.00914556,0.00265454,0.00171244
0.10583459,0.01511923,0.04535768,0.07559613,0.03023845,0.09071536,0.03023845,0.03023845,0.03023845,0.07559613,0.01511923,0.06047691,0.03023845,0.03023845,0.04535768,0.04535768,0.04535768,0.09071536,0.0,0.03023845,0.01277947,0.00291085,0.03498473,0.00454383,-0.00136137,0.02386967
0.21987782,0.0,0.0,0.0,0.02748473,0.10993891,0.02748473,0.02748473,0.08245418,0.13742364,0.05496946,0.02748473,0.0,0.05496946,0.0,0.02748473,0.10993891,0.0,0.02748473,0.0,0.00437903,0.01278568,0.04353349,-0.0146988,-0.00423845,0.0237583
0.20325559,0.0,0.0,0.03387593,0.0,0.16937966,0.0,0.03387593,0.20325559,0.16937966,0.03387593,0.03387593,0.0,0.0,0.0,0.03387593,0.0,0.06775186,0.03387593,0.0,0.0008358,-0.00737993,0.04710553,-0.0524403,-0.04118938,0.03679035
0.22947813,0.0,0.03824636,0.0,0.0,0.07649271,0.0,0.0,0.15298542,0.15298542,0.03824636,0.11473907,0.0,0.03824636,0.0,0.0,0.07649271,0.11473907,0.03824636,0.0,-0.00501101,-0.01157641,0.03878634,-0.07395786,-0.03939998,0.02026098
0.08587847,0.05725232,0.0,0.04293924,0.0,0.05725232,0.02862616,0.07156539,0.14313079,0.11450463,0.02862616,0.07156539,0.07156539,0.08587847,0.01431308,0.05725232,0.05725232,0.05725232,0.0,0.0,-0.02938204,-0.0106552,0.00957058,-0.01520735,-0.0099685,0.01078776
0.05196774,0.13858063,0.03464516,0.03464516,0.01732258,0.08661289,0.0,0.06929032,0.08661289,0.05196774,0.03464516,0.03464516,0.13858063,0.03464516,0.03464516,0.05196774,0.03464516,0.05196774,0.0,0.0,0.00157735,0.00258449,0.01723766,-0.015977,-0.0051854,0.01237591
0.16698527,0.14313023,0.02385504,0.0,0.02385504,0.14313023,0.07156511,0.02385504,0.02385504,0.04771008,0.0,0.02385504,0.0,0.0,0.07156511,0.04771008,0.04771008,0.04771008,0.0,0.04771008,0.02252723,0.00025348,0.00671122,-0.00721301,-0.00439661,0.02791617
0.11914864,0.14297837,0.04765946,0.0,0.02382973,0.14297837,0.02382973,0.04765946,0.04765946,0.04765946,0.0,0.04765946,0.02382973,0.0,0.04765946,0.07148919,0.02382973,0.07148919,0.0,0.02382973,0.00989068,0.00757541,0.00696439,-4.34e-05,-0.00867377,0.03109754
0.02334884,0.18679074,0.04669768,0.09339537,0.0,0.11674421,0.04669768,0.04669768,0.09339537,0.04669768,0.02334884,0.02334884,0.04669768,0.0,0.04669768,0.09339537,0.0,0.02334884,0.04669768,0.02334884,0.00124524,-0.00187025,0.00844457,-0.00768408,-0.01580723,-0.01167729
0.02285735,0.18285878,0.04571469,0.09142939,0.0,0.11428674,0.02285735,0.0,0.06857204,0.04571469,0.0,0.02285735,0.04571469,0.0,0.09142939,0.11428674,0.02285735,0.04571469,0.04571469,0.02285735,0.00085861,0.00206477,0.00293975,0.00094299,-0.00254232,-0.00998707
0.0,0.0,0.00547492,0.0,0.0,0.53106762,0.0,0.0,0.03284954,0.08759878,0.0,0.0,0.0,0.0,0.01642477,0.0,0.0,0.00547492,0.0,0.04927432,0.00879794,-0.00609695,0.13951777,0.0055888,-0.00350709,0.12753463
0.07367449,0.05893959,0.04420469,0.07367449,0.0,0.04420469,0.0294698,0.08840939,0.11787919,0.14734898,0.0,0.0147349,0.05893959,0.05893959,0.04420469,0.04420469,0.07367449,0.04420469,0.0,0.0147349,-0.01792438,-0.00207993,0.00533391,-0.01155777,-0.00716504,0.00195034
0.0,0.21430283,0.0,0.05357571,0.0,0.05357571,0.0,0.0,0.05357571,0.05357571,0.0,0.0,0.0,0.05357571,0.26787853,0.0,0.05357571,0.05357571,0.0,0.10715141,0.01931845,-0.00229632,-0.03713647,0.02018954,0.02114847,0.01441361
0.1134509,0.0,0.05672545,0.01890848,0.03781697,0.15126787,0.0,0.0,0.1134509,0.03781697,0.05672545,0.05672545,0.09454242,0.1134509,0.07563393,0.01890848,0.0,0.0,0.03781697,0.05672545,-0.01651371,-0.01164127,0.01364224,-0.00289758,-0.01485563,-0.00770066
0.0,0.0,0.0,0.0,0.15026672,0.15026672,0.20035562,0.15026672,0.10017781,0.05008891,0.0,0.0,0.0,0.0,0.05008891,0.0,0.10017781,0.15026672,0.0,0.0,-0.00573542,0.00376239,0.01181769,-0.08099872,-0.03798497,0.0071831
0.19351216,0.0,0.0,0.0,0.06450405,0.1290081,0.0,0.06450405,0.1290081,0.32252026,0.0,0.0,0.06450405,0.0,0.06450405,0.0,0.0,0.0,0.0,0.0,-0.00258429,-0.00867554,0.04817747,-0.02289341,-0.02257642,-0.02351265
0.12416985,0.0827799,0.0,0.0,0.12416985,0.04138995,0.0,0.04138995,0.1655598,0.12416985,0.0,0.0,0.04138995,0.0,0.0,0.0827799,0.04138995,0.12416985,0.0,0.0,0.02324373,0.00929827,0.03243057,-0.02013042,-0.02273889,-0.01546208
0.09375505,0.09375505,0.0,0.0,0.04687753,0.09375505,0.0,0.14063258,0.14063258,0.09375505,0.04687753,0.0,0.04687753,0.0,0.0,0.0,0.04687753,0.09375505,0.0,0.0,0.03335213,0.01164388,0.03879732,-0.00772437,-0.01882914,0.00520966
0.03990306,0.0,0.0,0.03990306,0.03990306,0.1995153,0.15961224,0.07980612,0.03990306,0.15961224,0.03990306,0.03990306,0.0,0.03990306,0.0,0.0,0.0,0.07980612,0.0,0.0,0.02082482,0.00951761,-0.01800718,0.00450759,0.00641989,0.0190638
0.04550701,0.0,0.09101403,0.0,0.09101403,0.13652104,0.18202805,0.09101403,0.0,0.18202805,0.0,0.0,0.0,0.0,0.04550701,0.04550701,0.0,0.04550701,0.0,0.0,0.02604187,0.02620719,-0.01005962,-0.00082638,0.01190988,-0.00892021
0.14968056,0.0,0.0,0.0,0.09978704,0.19957408,0.0,0.09978704,0.04989352,0.19957408,0.0,0.0,0.04989352,0.0,0.0,0.0,0.0,0.0,0.0,0.0,0.03092076,0.00688359,0.06615828,0.00876406,-0.02157286,0.06065632
0.0,0.0,0.0,0.0,0.072399,0.144798,0.0,0.144798,0.072399,0.289596,0.0,0.0,0.072399,0.0,0.0,0.072399,0.0,0.072399,0.0,0.0,0.0359306,0.0114966,0.02052729,-0.00620584,-0.02700522,0.02406957
0.0,0.0,0.0,0.0,0.0771195,0.15423901,0.0,0.15423901,0.0,0.30847802,0.0,0.0,0.0771195,0.0,0.0771195,0.0771195,0.0,0.0771195,0.0,0.0,0.021397,0.01224619,0.00073186,-0.03058062,-0.028766,0.02241801
0.1171387,0.07809247,0.0,0.0,0.07809247,0.03904623,0.0,0.1171387,0.07809247,0.19523117,0.0,0.03904623,0.07809247,0.0,0.0,0.03904623,0.03904623,0.0,0.0,0.03904623,0.01809599,-0.00743087,0.02600194,0.01247634,0.00956661,0.00418036
0.0,0.0,0.0,0.0,0.14868984,0.22303476,0.0,0.07434492,0.07434492,0.22303476,0.07434492,0.0,0.0,0.0,0.0,0.07434492,0.0,0.07434492,0.0,0.0,0.03453891,0.01078596,0.02118694,-0.0066415,-0.0368371,0.01048284
0.20112299,0.0,0.0,0.0,0.05028075,0.0,0.10056149,0.15084224,0.05028075,0.10056149,0.0,0.05028075,0.05028075,0.0,0.0,0.15084224,0.0,0.05028075,0.0,0.0,0.01563404,0.0035825,0.01413417,-0.01229178,-0.00482781,0.02843468
0.09665136,0.0,0.0,0.0,0.04832568,0.04832568,0.14497705,0.09665136,0.0,0.14497705,0.0,0.04832568,0.04832568,0.0,0.0,0.14497705,0.04832568,0.09665136,0.0,0.0,0.01696842,0.00894737,0.0187875,-0.01912355,0.00147984,0.00642678
0.0,0.0,0.0,0.0,0.30335304,0.10111768,0.0,0.10111768,0.10111768,0.20223536,0.0,0.0,0.0,0.10111768,0.10111768,0.10111768,0.0,0.10111768,0.10111768,0.0,-0.0172784,0.00893661,-0.01766071,-0.13527588,-0.08115668,-0.07209479
0.0,0.1513223,0.02522038,0.0,0.05044077,0.1513223,0.0,0.05044077,0.07566115,0.05044077,0.02522038,0.05044077,0.02522038,0.0,0.1513223,0.0,0.02522038,0.0,0.02522038,0.07566115,0.02259089,0.01660859,0.00148683,0.04935559,0.02850706,-0.05170314
0.22253671,0.0,0.0,0.03179096,0.09537287,0.09537287,0.0,0.0,0.25432766,0.06358192,0.03179096,0.03179096,0.0,0.09537287,0.0,0.0,0.03179096,0.12716383,0.0,0.03179096,0.01731761,-0.00662309,0.0169573,-0.0843549,-0.03330026,-0.0226802
0.025385,0.15231,0.0,0.025385,0.05077,0.126925,0.025385,0.025385,0.025385,0.025385,0.0,0.10154,0.05077,0.05077,0.025385,0.126925,0.025385,0.025385,0.0,0.05077,0.01463944,0.00876081,0.00859644,0.01195203,0.00091992,0.01588639
0.17128651,0.0,0.0,0.0,0.12846488,0.12846488,0.0,0.04282163,0.21410813,0.0,0.08564325,0.12846488,0.0,0.04282163,0.0,0.04282163,0.0,0.08564325,0.0,0.0,-0.00084885,0.00472911,0.00253094,-0.04735141,-0.03913198,0.00953154
0.02936147,0.08808441,0.0440422,0.05872294,0.10276514,0.11744588,0.05872294,0.02936147,0.11744588,0.02936147,0.01468073,0.0,0.0440422,0.07340367,0.0440422,0.01468073,0.05872294,0.08808441,0.0,0.0440422,-0.00031323,0.00286331,-0.0187523,-0.03587321,-0.00485848,-7.897e-05
0.01819764,0.10918581,0.01819764,0.0,0.05459291,0.18197636,0.05459291,0.07279054,0.09098818,0.01819764,0.01819764,0.07279054,0.09098818,0.05459291,0.05459291,0.01819764,0.01819764,0.0,0.0,0.05459291,0.00057828,-0.00551313,-0.02671526,0.01743836,0.01017998,0.0031618
0.04312237,0.0,0.0,0.0,0.0,0.21561185,0.0,0.25873422,0.12936711,0.12936711,0.0,0.0,0.08624474,0.0,0.17248948,0.04312237,0.0,0.04312237,0.04312237,0.04312237,-0.01448688,-0.01638567,-0.01656052,-0.08691334,-0.06799575,-0.00508419
0.06249384,0.0,0.0,0.0,0.0,0.09374076,0.0,0.09374076,0.09374076,0.12498768,0.0,0.0,0.03124692,0.06249384,0.06249384,0.03124692,0.06249384,0.06249384,0.03124692,0.0,0.05847539,0.02489222,0.02525131,0.0300091,0.00605794,0.04289408
0.09753198,0.0,0.0,0.04876599,0.14629798,0.19506397,0.04876599,0.09753198,0.19506397,0.04876599,0.04876599,0.04876599,0.0,0.0,0.0,0.09753198,0.0,0.04876599,0.0,0.0,0.00279283,-0.00268067,-0.0178169,-0.0620714,-0.06152127,0.01967959
0.11289061,0.0564453,0.0564453,0.0,0.02822265,0.14111326,0.0,0.02822265,0.16933591,0.14111326,0.0,0.0,0.0,0.0564453,0.0,0.0564453,0.08466796,0.11289061,0.0,0.0,-0.00515883,-0.00987617,0.02328564,-0.05686802,-0.04733502,0.05171425
0.22168701,0.06333914,0.03166957,0.03166957,0.0,0.06333914,0.0,0.06333914,0.19001743,0.09500872,0.03166957,0.03166957,0.0,0.0,0.0,0.09500872,0.06333914,0.06333914,0.0,0.0,-0.00694597,0.00307944,0.0286144,-0.05139748,-0.02891814,0.01047186
0.05996158,0.17988474,0.0,0.02998079,0.0,0.08994237,0.0,0.11992316,0.05996158,0.0,0.0,0.02998079,0.05996158,0.0,0.02998079,0.11992316,0.0,0.05996158,0.02998079,0.02998079,0.01203708,0.00350806,0.02476238,0.01589089,0.00947222,0.03490567
0.08205702,0.0,0.0,0.04102851,0.04102851,0.08205702,0.08205702,0.04102851,0.12308553,0.16411404,0.0,0.0,0.08205702,0.0,0.0,0.04102851,0.0,0.20514255,0.0,0.0,0.03270736,0.00898888,0.02157186,-0.02975895,-0.02810781,0.00991443
0.13910744,0.0,0.0,0.04636915,0.09273829,0.18547659,0.04636915,0.04636915,0.18547659,0.09273829,0.0,0.0,0.0,0.0,0.0,0.13910744,0.04636915,0.04636915,0.0,0.0,-0.00268222,0.00812375,0.01344166,-0.05560478,-0.04967509,0.0199063
0.11559649,0.0,0.0,0.0,0.03853216,0.15412866,0.0,0.0,0.11559649,0.19266082,0.0,0.11559649,0.03853216,0.03853216,0.0,0.03853216,0.0,0.11559649,0.0,0.0,0.01060116,0.00094845,0.04182064,-0.03059412,-0.02619685,0.04011659
0.07546529,0.0,0.0,0.03773264,0.0,0.07546529,0.11319793,0.03773264,0.03773264,0.18866322,0.0,0.0,0.07546529,0.0,0.0,0.07546529,0.0,0.22639587,0.0,0.0,0.04001547,0.00552626,0.02301809,-0.01399594,-0.02027514,0.02239514
0.0,0.19858811,0.0,0.03309802,0.03309802,0.13239207,0.0,0.06619604,0.09929405,0.03309802,0.0,0.03309802,0.09929405,0.0,0.0,0.06619604,0.13239207,0.0,0.0,0.06619604,-0.00397553,0.00171334,0.00556868,-0.00792544,-0.01509872,0.02677712
0.0,0.18555529,0.0,0.03092588,0.03092588,0.15462941,0.0,0.03092588,0.0,0.03092588,0.0,0.06185176,0.09277765,0.0,0.03092588,0.09277765,0.12370353,0.03092588,0.03092588,0.0,0.01261136,-0.00033592,0.02156664,0.00999745,-0.00215973,0.03054373
0.31727825,0.0,0.0,0.0,0.0,0.07050628,0.0,0.03525314,0.21151883,0.03525314,0.0,0.03525314,0.0,0.0,0.0,0.07050628,0.07050628,0.14101255,0.03525314,0.0,-0.01943872,-0.01167513,0.03932909,-0.04723859,-0.02115261,0.03783495
0.26363283,0.0,0.0,0.03766183,0.0,0.15064733,0.0,0.07532367,0.1129855,0.1129855,0.0,0.03766183,0.0,0.0,0.0,0.03766183,0.03766183,0.03766183,0.03766183,0.0,0.0115257,0.01130797,0.05189369,-0.02411053,-0.01465987,0.02249721
0.30106249,0.0,0.0,0.03010625,0.0,0.120425,0.0,0.0602125,0.120425,0.09031875,0.0,0.0,0.0,0.0602125,0.0,0.03010625,0.03010625,0.0,0.03010625,0.0,0.01306192,0.01017358,0.04813203,0.01130996,0.01478321,0.02945808
0.32793362,0.0,0.0,0.0,0.0409917,0.16396681,0.0,0.08198341,0.12297511,0.0409917,0.0409917,0.0,0.0,0.0,0.0,0.0,0.08198341,0.0,0.0,0.0,0.0082001,-0.00017478,0.03408312,-0.01479747,-0.01654114,0.08741272
0.05284286,0.05284286,0.02642143,0.03963214,0.02642143,0.06605357,0.0,0.03963214,0.13210714,0.11889643,0.0,0.05284286,0.07926429,0.05284286,0.03963214,0.05284286,0.05284286,0.13210714,0.0,0.0,-0.02824406,-0.01224739,0.01645482,0.00363665,-0.00628726,0.00946223
0.0,0.0,0.0,0.0,0.14700617,0.07350308,0.03675154,0.03675154,0.25726079,0.18375771,0.0,0.0,0.07350308,0.0,0.11025463,0.03675154,0.0,0.03675154,0.0,0.0,-0.00184986,-0.00253073,0.01871309,0.00426685,-0.02343237,0.01254138
0.0,0.0,0.0,0.11596979,0.0386566,0.11596979,0.0,0.0,0.19328299,0.0773132,0.0773132,0.0773132,0.0,0.0,0.0773132,0.11596979,0.0,0.0386566,0.0,0.0,-0.01588887,0.03093348,-0.01025859,0.02748611,0.01767591,0.02229361
0.06231438,0.18694313,0.0,0.03115719,0.03115719,0.12462875,0.0,0.03115719,0.12462875,0.03115719,0.0,0.03115719,0.09347156,0.0,0.0,0.12462875,0.03115719,0.0,0.0,0.06231438,-0.00720187,-0.00834546,0.01934611,0.00903291,-0.00677843,0.02807393
0.0,0.18524305,0.0,0.03087384,0.0,0.06174768,0.0,0.06174768,0.09262153,0.03087384,0.0,0.03087384,0.06174768,0.0,0.0,0.15436921,0.03087384,0.12349537,0.03087384,0.03087384,0.01381402,0.00222835,0.01873414,0.01323132,0.00877721,0.01699969
0.14144108,0.0,0.0,0.0,0.03536027,0.10608081,0.03536027,0.03536027,0.10608081,0.21216163,0.0,0.0,0.07072054,0.07072054,0.03536027,0.07072054,0.0,0.03536027,0.0,0.0,0.02857242,0.00355159,0.01825953,-0.00579672,-0.01076436,0.01145024
0.16434422,0.0,0.08217211,0.04108605,0.0,0.16434422,0.04108605,0.20543027,0.16434422,0.08217211,0.0,0.0,0.0,0.0,0.0,0.0,0.0,0.08217211,0.0,0.0,0.00119792,7.019e-05,0.02065559,-0.04164384,-0.04893438,0.04150317
0.08054631,0.0,0.04027315,0.0,0.04027315,0.20136576,0.0,0.08054631,0.16109261,0.12081946,0.0,0.04027315,0.04027315,0.0,0.0,0.04027315,0.04027315,0.08054631,0.04027315,0.0,0.0151834,-0.00119603,0.02650477,-0.01963798,-0.03117799,0.00349501
0.15885066,0.0,0.0,0.0,0.07942533,0.19856332,0.0,0.07942533,0.11913799,0.07942533,0.0,0.0,0.03971266,0.07942533,0.0,0.11913799,0.0,0.0,0.03971266,0.0,-0.00203734,-0.00174281,-0.00224956,-0.02002597,-0.02240312,0.05564219
0.05230901,0.07846351,0.0261545,0.07846351,0.01307725,0.11769527,0.03923176,0.05230901,0.13077252,0.03923176,0.07846351,0.06538626,0.01307725,0.03923176,0.01307725,0.0261545,0.05230901,0.0261545,0.01307725,0.0261545,0.00793171,0.01288087,-0.00613102,-0.01197093,0.00170806,0.01478742
0.05003016,0.0,0.0,0.0,0.05003016,0.15009049,0.0,0.15009049,0.15009049,0.20012066,0.05003016,0.0,0.15009049,0.10006033,0.05003016,0.0,0.05003016,0.0,0.05003016,0.0,-0.01168513,0.00371963,-0.03695306,-0.08384983,-0.05181342,-0.02014214
0.04180724,0.08361447,0.06967873,0.05574298,0.02787149,0.05574298,0.0,0.12542171,0.13935746,0.08361447,0.02787149,0.01393575,0.04180724,0.06967873,0.06967873,0.05574298,0.04180724,0.05574298,0.01393575,0.01393575,-0.00802833,0.00264308,-0.00216409,-0.04552735,-0.03310022,-0.00081124
0.0,0.1638955,0.02731592,0.0,0.02731592,0.19121142,0.05463183,0.02731592,0.08194775,0.05463183,0.0,0.02731592,0.02731592,0.0,0.13657959,0.0,0.02731592,0.02731592,0.05463183,0.10926367,-0.03968349,-0.02568445,0.00067021,0.05997102,0.02962466,-0.06290281
0.02799659,0.16797956,0.02799659,0.0,0.08398978,0.11198637,0.05599319,0.02799659,0.13998296,0.02799659,0.0,0.02799659,0.02799659,0.02799659,0.13998296,0.02799659,0.02799659,0.02799659,0.0,0.08398978,0.02337956,0.02642338,-0.01844464,-0.03747868,-0.02571464,-0.03203551
0.0,0.0,0.0,0.0,0.0,0.0,0.07883543,0.07883543,0.07883543,0.07883543,0.0,0.0,0.15767086,0.07883543,0.07883543,0.07883543,0.0,0.0,0.15767086,0.07883543,-0.02082717,0.00385032,0.09699768,-0.03577678,-0.02819628,0.03792709
0.0422447,0.0,0.0,0.0,0.0422447,0.16897879,0.16897879,0.12673409,0.0422447,0.21122349,0.0,0.0,0.0,0.0,0.08448939,0.0,0.0,0.08448939,0.0,0.0,0.04336199,0.01824894,0.0059764,-0.02167841,-0.01562008,-0.00191688
0.05202307,0.0,0.05202307,0.0,0.05202307,0.15606922,0.0,0.10404615,0.26011537,0.05202307,0.05202307,0.0,0.05202307,0.0,0.0,0.0,0.0,0.15606922,0.05202307,0.0,-0.03899923,-0.0314986,-0.01147574,0.02728668,0.00130462,0.0129208
0.0454298,0.0,0.0,0.0454298,0.0908596,0.0454298,0.0454298,0.0,0.1362894,0.227149,0.0454298,0.0454298,0.0908596,0.0,0.0,0.0454298,0.0908596,0.1362894,0.0,0.0,-0.00719513,-0.01784609,0.00117233,-0.04084668,-0.02036659,-0.00523302
0.04178698,0.05571597,0.02785798,0.0069645,0.03482248,0.01392899,0.03482248,0.04875147,0.02785798,0.03482248,0.02785798,0.11839643,0.08357395,0.09053845,0.05571597,0.04178698,0.08357395,0.06268046,0.01392899,0.02785798,0.01952869,0.01367551,0.00832207,0.01324257,0.01027542,0.00171328
0.0,0.0,0.0,0.0,0.20860993,0.02980142,0.0,0.02980142,0.3278156,0.02980142,0.0,0.02980142,0.05960284,0.0,0.11920567,0.02980142,0.02980142,0.11920567,0.0,0.0,-0.00715906,0.01338132,0.01442804,-0.02710724,-0.02883958,0.02204828
0.06822353,0.0,0.0,0.0,0.20467059,0.0,0.06822353,0.06822353,0.47756471,0.13644706,0.0,0.0,0.0,0.0,0.0,0.06822353,0.0,0.0,0.06822353,0.0,-0.04901822,-0.06303151,0.01699904,-0.04300616,-0.01610498,-0.00563817
0.11010399,0.0,0.07340266,0.01835067,0.055052,0.11010399,0.0,0.0,0.12845466,0.01835067,0.03670133,0.055052,0.09175333,0.12845466,0.055052,0.01835067,0.0,0.01835067,0.03670133,0.055052,0.00331999,-0.00075472,0.01065657,0.00190755,-0.01955978,-0.00485619
0.04745273,0.05694328,0.03321691,0.09490547,0.03321691,0.08066965,0.02372637,0.03796219,0.02372637,0.06643383,0.00949055,0.03321691,0.04270746,0.04270746,0.09016019,0.07592437,0.06168855,0.05694328,0.03796219,0.02847164,-0.00179679,0.01485277,0.00953875,-0.00264996,0.00456634,-0.00203742
0.12485765,0.0,0.0,0.0,0.04994306,0.09988612,0.04994306,0.07491459,0.04994306,0.04994306,0.0,0.0,0.04994306,0.02497153,0.2497153,0.07491459,0.0,0.09988612,0.02497153,0.12485765,-0.0102938,-0.01499577,0.00339476,-0.05355351,-0.02402512,-0.04921694
0.0,0.0,0.05895651,0.08843477,0.11791302,0.05895651,0.0,0.08843477,0.17686954,0.11791302,0.0,0.02947826,0.02947826,0.02947826,0.14739128,0.05895651,0.02947826,0.05895651,0.0,0.0,0.01578206,0.0183558,0.00242559,-0.08335749,-0.04140747,-0.00249395
0.0,0.0,0.0,0.0,0.0,0.07623234,0.0,0.07623234,0.07623234,0.45739406,0.0,0.07623234,0.07623234,0.0,0.0,0.07623234,0.0,0.07623234,0.0,0.0,0.04045098,0.00880604,0.01685395,-0.04402023,-0.02979548,0.01668428
0.10265338,0.05132669,0.02199715,0.02932954,0.0,0.05132669,0.08798861,0.05132669,0.08065623,0.05865907,0.02199715,0.04399431,0.02199715,0.04399431,0.08798861,0.05132669,0.02932954,0.07332384,0.00733238,0.01466477,0.0236109,0.01279967,0.00672313,0.01162392,0.00287387,0.01115571
0.0,0.0,0.0,0.0,0.0,0.16996935,0.0,0.0,0.1133129,0.39659514,0.0,0.1133129,0.0,0.0,0.0,0.1133129,0.05665645,0.05665645,0.0,0.0,-0.01177408,-0.01702493,0.0465504,-0.03326385,-0.00973351,0.00542988
0.398355,0.0,0.0,0.04426167,0.0,0.04426167,0.0,0.0,0.0,0.04426167,0.0,0.0,0.08852333,0.08852333,0.0,0.0,0.0,0.08852333,0.0,0.0,0.02035125,0.00168246,0.08704432,0.00669884,-0.00133847,0.08885159
0.03634242,0.21805451,0.0,0.0,0.0,0.10902725,0.0,0.0,0.07268484,0.03634242,0.03634242,0.03634242,0.10902725,0.03634242,0.10902725,0.07268484,0.07268484,0.07268484,0.0,0.0,-0.03295213,-0.01397186,0.0246863,-0.00437993,-0.00772584,0.01675576
0.05848714,0.05848714,0.05848714,0.05848714,0.00835531,0.05848714,0.00835531,0.02506592,0.05013183,0.10861897,0.01671061,0.01671061,0.05013183,0.07519775,0.13368489,0.05848714,0.08355305,0.05848714,0.00835531,0.03342122,-0.00946522,0.00021068,0.00915708,-0.02273626,-0.01390439,0.00903554
0.0595511,0.0595511,0.04466333,0.0,0.04466333,0.02233166,0.03721944,0.0595511,0.00744389,0.05210721,0.00744389,0.11165832,0.08932665,0.04466333,0.13398998,0.03721944,0.06699499,0.06699499,0.01488778,0.02977555,-0.00589492,-0.00507777,0.00473695,0.01479546,0.01139208,-0.00998887
0.11449505,0.0,0.0,0.0,0.07633003,0.07633003,0.03816502,0.03816502,0.11449505,0.19082508,0.03816502,0.0,0.07633003,0.07633003,0.03816502,0.11449505,0.03816502,0.0,0.0,0.0,0.01455637,-0.00041852,0.00042486,-0.0175907,-0.01777,-0.00965743
0.19398258,0.09699129,0.0,0.0,0.06466086,0.09699129,0.0,0.03233043,0.19398258,0.16165215,0.0,0.03233043,0.0,0.06466086,0.0,0.09699129,0.0,0.0,0.0,0.03233043,0.00347511,-0.00548355,0.03015371,-0.04860953,-0.02337312,-0.02306681
0.0,0.0,0.0,0.0,0.0,0.0,0.0,0.2073897,0.10369485,0.4147794,0.0,0.0,0.0,0.0,0.10369485,0.2073897,0.10369485,0.0,0.0,0.0,0.03083615,0.01792749,0.01043118,-0.13047439,-0.07143469,0.0020709
0.04522987,0.0603065,0.04522987,0.01507662,0.0603065,0.04522987,0.03015325,0.09045975,0.13568962,0.09045975,0.01507662,0.07538312,0.03015325,0.03015325,0.04522987,0.04522987,0.0603065,0.07538312,0.01507662,0.03015325,0.00109291,0.00480077,-0.00932388,-0.02239039,-0.01612787,0.00166135
0.0,0.19169858,0.03194976,0.03194976,0.0,0.09584929,0.0,0.09584929,0.03194976,0.03194976,0.0,0.03194976,0.06389953,0.0,0.0,0.09584929,0.06389953,0.09584929,0.0,0.06389953,0.00227268,0.01881412,0.02305769,0.00927195,-0.00786532,0.02790576
0.02759727,0.03679636,0.02759727,0.03679636,0.00919909,0.03679636,0.01839818,0.05519454,0.20238,0.06439364,0.0,0.03679636,0.03679636,0.09199091,0.04599545,0.08279182,0.06439364,0.06439364,0.00919909,0.0,0.01335092,0.01633724,0.00641908,0.00628882,0.00909034,0.00100726
0.0,0.0,0.0,0.0,0.04023857,0.0,0.0,0.16095428,0.12071571,0.08047714,0.08047714,0.0,0.0,0.16095428,0.04023857,0.04023857,0.08047714,0.12071571,0.04023857,0.04023857,-0.04047287,-0.00962121,-0.01023988,0.02776899,0.01593885,0.01066191
0.09061708,0.07249366,0.01812342,0.09061708,0.0,0.09061708,0.01812342,0.03624683,0.01812342,0.05437025,0.03624683,0.01812342,0.09061708,0.03624683,0.07249366,0.05437025,0.05437025,0.05437025,0.0,0.01812342,-0.00599571,-0.00341564,0.01167402,0.02550939,0.03251705,0.01541666
0.05106674,0.05106674,0.0,0.07660011,0.01276668,0.01276668,0.0,0.08936679,0.12766685,0.07660011,0.01276668,0.05106674,0.08936679,0.02553337,0.08936679,0.11490016,0.03830005,0.06383342,0.0,0.0,0.00194253,0.01731719,-0.00411465,-0.00938916,0.01045267,0.00075667
0.0,0.13239825,0.04413275,0.02206637,0.04413275,0.11033187,0.04413275,0.02206637,0.19859737,0.02206637,0.02206637,0.0,0.06619912,0.02206637,0.04413275,0.06619912,0.0,0.0,0.04413275,0.02206637,-0.00508128,-0.01726538,0.03072618,0.02159995,0.02528671,0.01794609
0.03248453,0.0,0.06496906,0.06496906,0.09745359,0.03248453,0.06496906,0.06496906,0.16242265,0.03248453,0.0,0.06496906,0.2273917,0.0,0.0,0.0,0.0,0.0,0.03248453,0.06496906,-0.00212716,0.01543863,0.01518956,-0.00311933,-0.01493481,-0.01746729
0.05078112,0.0,0.05078112,0.30468671,0.10156224,0.0,0.0,0.0,0.0,0.05078112,0.0,0.10156224,0.05078112,0.0,0.10156224,0.05078112,0.05078112,0.0,0.0,0.05078112,0.00694954,0.01415637,0.00938415,-0.00039388,0.00046483,0.00459775
0.09587494,0.01917499,0.07669995,0.09587494,0.03834998,0.09587494,0.0,0.03834998,0.05752496,0.07669995,0.01917499,0.05752496,0.03834998,0.0,0.03834998,0.05752496,0.03834998,0.05752496,0.0,0.03834998,0.02005639,0.02299217,0.02138843,-0.01202915,-0.0057498,0.01376756
0.08657029,0.02885676,0.08657029,0.17314059,0.05771353,0.02885676,0.0,0.02885676,0.08657029,0.08657029,0.0,0.08657029,0.05771353,0.0,0.08657029,0.02885676,0.05771353,0.05771353,0.0,0.02885676,0.00301151,0.01138643,0.00474089,-0.04944368,-0.02500463,-0.01239081
0.06878063,0.03439032,0.10317095,0.20634189,0.06878063,0.03439032,0.0,0.03439032,0.03439032,0.10317095,0.0,0.06878063,0.03439032,0.0,0.06878063,0.03439032,0.10317095,0.0,0.0,0.03439032,0.00604119,0.00997877,0.01087315,-0.03518314,-0.02379933,0.00037989
0.0731651,0.02438837,0.0731651,0.1463302,0.0731651,0.04877673,0.02438837,0.04877673,0.04877673,0.0731651,0.0,0.0731651,0.04877673,0.0,0.04877673,0.02438837,0.04877673,0.0731651,0.0,0.0,0.01698872,0.0380028,0.01281695,-0.02011058,-0.00544081,0.00659659
0.04254477,0.02127239,0.08508954,0.11699812,0.05318096,0.03190858,0.03190858,0.07445335,0.07445335,0.11699812,0.0,0.03190858,0.03190858,0.05318096,0.05318096,0.11699812,0.0,0.01063619,0.01063619,0.05318096,0.01055854,0.01662279,0.00269131,-0.0212393,-0.01143164,-0.00764
0.01763086,0.0,0.01763086,0.10578518,0.03526173,0.05289259,0.03526173,0.08815432,0.15867778,0.07052346,0.01763086,0.05289259,0.08815432,0.03526173,0.08815432,0.0,0.01763086,0.08815432,0.01763086,0.07052346,-0.02019547,0.00701248,0.00480103,-0.03471158,-0.01085392,-0.00390439
0.04781424,0.04781424,0.19125696,0.2390712,0.14344272,0.0,0.0,0.04781424,0.04781424,0.0,0.0,0.04781424,0.04781424,0.0,0.0,0.0,0.0,0.0,0.0,0.09562848,-0.00419255,0.02725412,0.02018667,0.00713335,-0.01528462,0.00861825
0.04810499,0.14431496,0.24052494,0.19241995,0.04810499,0.04810499,0.0,0.0,0.04810499,0.04810499,0.0,0.04810499,0.04810499,0.0,0.0,0.0,0.0,0.0,0.0,0.04810499,0.00473454,0.06980844,-0.01386234,-0.02042645,-0.01253937,0.01018543
0.05927066,0.01185413,0.07112479,0.11854132,0.04741653,0.0355624,0.0355624,0.07112479,0.09483306,0.07112479,0.02370826,0.04741653,0.07112479,0.0355624,0.0355624,0.07112479,0.04741653,0.02370826,0.01185413,0.05927066,-0.00326738,0.01431724,0.0003801,-0.02063729,-0.02520538,-0.00875093
0.05049522,0.0,0.10099044,0.25247611,0.10099044,0.0,0.0,0.0,0.0,0.10099044,0.0,0.15148567,0.05049522,0.0,0.10099044,0.0,0.0,0.0,0.0,0.05049522,0.01615059,0.03349457,0.01367798,-0.00118459,-0.0224942,0.00094643
0.13404868,0.0,0.03829962,0.09574905,0.03829962,0.07659924,0.0,0.03829962,0.07659924,0.07659924,0.01914981,0.07659924,0.03829962,0.0,0.03829962,0.03829962,0.03829962,0.07659924,0.0,0.03829962,0.01253858,0.00676622,0.02979408,0.00206116,-0.00559371,0.01609294
0.0,0.0,0.0,0.0,0.0,0.37844301,0.30275441,0.0,0.0,0.0,0.0,0.0,0.0,0.0756886,0.0,0.0756886,0.0,0.1513772,0.0,0.0,-0.00740588,-0.00240084,-0.01256752,-0.00402884,0.00012434,0.04232692
0.0,0.44595174,0.0,0.0,0.0,0.07432529,0.0,0.0,0.0,0.0,0.0,0.07432529,0.0,0.0,0.0,0.14865058,0.0,0.14865058,0.0,0.0,0.0093139,0.0031395,0.04500707,0.00130842,0.00691939,0.04240823
0.05015245,0.10030491,0.05015245,0.0,0.10030491,0.05015245,0.0,0.05015245,0.0,0.20060981,0.05015245,0.0,0.0,0.0,0.05015245,0.0,0.10030491,0.15045736,0.0,0.0,0.02849373,0.00494024,-0.01946503,0.01497505,0.00916574,0.00899366
0.04175045,0.12525135,0.0835009,0.0,0.06262567,0.1670018,0.02087522,0.02087522,0.10437612,0.06262567,0.02087522,0.0,0.0835009,0.02087522,0.04175045,0.0,0.02087522,0.04175045,0.04175045,0.0835009,-0.01189845,0.00825189,-0.03308191,0.00865104,0.0036349,-0.01931872
0.03240391,0.06480783,0.0,0.06480783,0.0,0.19442348,0.0,0.03240391,0.09721174,0.16201956,0.06480783,0.03240391,0.03240391,0.03240391,0.03240391,0.09721174,0.03240391,0.03240391,0.0,0.06480783,0.00817135,-0.00695498,-0.01585448,-0.02717234,-0.02443521,-0.00308346
0.12969313,0.0,0.06484656,0.06484656,0.03242328,0.16211641,0.03242328,0.12969313,0.16211641,0.06484656,0.03242328,0.06484656,0.0,0.03242328,0.0,0.0,0.0,0.06484656,0.0,0.0,0.00682403,0.01100099,0.01937297,-0.04270604,-0.03625563,0.00421866
0.14901148,0.0,0.05960459,0.05960459,0.0298023,0.05960459,0.0298023,0.20861607,0.14901148,0.05960459,0.05960459,0.0298023,0.05960459,0.0298023,0.0,0.0,0.0,0.0298023,0.0,0.0,0.01823901,0.00210608,0.01654898,-0.03402208,-0.03853497,0.0223849
0.29760231,0.0,0.0,0.0,0.0,0.12754385,0.0,0.04251462,0.08502923,0.12754385,0.0,0.04251462,0.0,0.0,0.0,0.04251462,0.04251462,0.04251462,0.04251462,0.0,0.00841649,-0.00011606,0.071046,-0.00999944,-0.01070476,0.04855084
0.2004379,0.0,0.0,0.0,0.10021895,0.0,0.05010948,0.10021895,0.05010948,0.15032843,0.0,0.05010948,0.05010948,0.0,0.0,0.10021895,0.05010948,0.05010948,0.0,0.0,0.01390513,0.00474189,0.03520104,-0.02074078,-0.01955124,0.03436393
0.03049791,0.18298748,0.0,0.03049791,0.0,0.09149374,0.0,0.09149374,0.06099583,0.03049791,0.0,0.03049791,0.06099583,0.0,0.03049791,0.12199165,0.03049791,0.06099583,0.03049791,0.03049791,0.01206739,0.00439296,0.01890481,0.01006921,0.0080191,0.03160913
0.0,0.19258487,0.0,0.03209748,0.0,0.12838991,0.0,0.03209748,0.03209748,0.06419496,0.0,0.03209748,0.06419496,0.03209748,0.03209748,0.03209748,0.16048739,0.03209748,0.03209748,0.03209748,0.02198314,0.0093209,0.00076428,0.00743214,-0.00105011,0.0307228
0.07357583,0.06540074,0.00817509,0.00817509,0.04905055,0.12262639,0.02452528,0.01635018,0.01635018,0.03270037,0.00817509,0.04087546,0.01635018,0.06540074,0.14715166,0.04087546,0.04905055,0.08992602,0.05722565,0.04087546,0.00737014,0.01344567,-0.02468942,0.01652699,0.00266349,0.01184715
0.0613327,0.08761815,0.01752363,0.00876181,0.05257089,0.13142722,0.02628544,0.05257089,0.03504726,0.04380907,0.0,0.02628544,0.02628544,0.05257089,0.13142722,0.07885633,0.03504726,0.07009452,0.05257089,0.03504726,-0.00772428,-0.00292401,0.00068454,-0.01126326,-0.00613207,0.00222677
0.05209146,0.06945528,0.00868191,0.00868191,0.06077337,0.14759247,0.01736382,0.06077337,0.02604573,0.04340955,0.0,0.03472764,0.02604573,0.04340955,0.16495629,0.06945528,0.03472764,0.06077337,0.05209146,0.03472764,0.00497384,0.00464957,-0.00166072,-0.00891796,-0.00634997,-0.00847826
0.19404076,0.12936051,0.0,0.0,0.0,0.0,0.06468025,0.0,0.0,0.19404076,0.0,0.0,0.12936051,0.0,0.06468025,0.0,0.0,0.12936051,0.0,0.0,0.0352792,0.01315377,0.01963314,0.00980078,0.00178086,0.0148287
0.1335101,0.0,0.02670202,0.02670202,0.02670202,0.1335101,0.0,0.1335101,0.18691414,0.02670202,0.0,0.02670202,0.02670202,0.08010606,0.02670202,0.0,0.02670202,0.10680808,0.02670202,0.0,-0.01743434,-0.01524867,0.03110012,-0.02703493,-0.02038429,0.03432539
0.30629093,0.0,0.0,0.0,0.0,0.03403233,0.0,0.0,0.1361293,0.20419395,0.03403233,0.06806465,0.0,0.0,0.0,0.0,0.03403233,0.10209698,0.03403233,0.0,0.01538412,0.01108405,0.04858898,-0.02556388,-0.01845631,0.01605792
0.32088958,0.10696319,0.10696319,0.0,0.0,0.21392639,0.21392639,0.0,0.0,0.0,0.0,0.0,0.0,0.0,0.0,0.0,0.0,0.0,0.0,0.0,0.00114798,-0.00049457,0.06957087,-0.01148326,-0.01293002,-0.00847974
0.3630139,0.12100463,0.12100463,0.0,0.0,0.12100463,0.24200927,0.0,0.0,0.0,0.0,0.0,0.0,0.0,0.0,0.0,0.0,0.0,0.0,0.0,-0.00011358,-0.00329326,0.05309038,-0.00842607,-0.0089903,-0.00030424
0.40037695,0.08897266,0.13345898,0.0,0.0,0.08897266,0.26691797,0.0,0.0,0.0,0.0,0.0,0.0,0.0,0.0,0.0,0.0,0.0,0.0,0.0,-0.00091905,-0.00434962,0.04474193,-0.00828077,-0.00843247,-0.00145924
0.13744099,0.0,0.05497639,0.0,0.0274882,0.13744099,0.0,0.10995279,0.05497639,0.08246459,0.0274882,0.0,0.05497639,0.05497639,0.19241738,0.0,0.0,0.08246459,0.0,0.0274882,-0.01593054,-0.01656828,0.0258422,-0.05713668,-0.01794394,0.03718574
0.0,0.0,0.0,0.0,0.0,0.2680528,0.0,0.2680528,0.0,0.2680528,0.0,0.0,0.0,0.2680528,0.2680528,0.0,0.0,0.0,0.0,0.0,-0.05704499,-0.02677177,-0.0149674,-0.169253,-0.07655588,0.00432905
0.10501631,0.11668479,0.04667392,0.03500544,0.04667392,0.08167935,0.0,0.04667392,0.0583424,0.0583424,0.02333696,0.02333696,0.01166848,0.02333696,0.0583424,0.04667392,0.0583424,0.0583424,0.0,0.04667392,0.02428389,0.00711849,-0.00923763,0.00337405,0.00326219,0.02605219
0.18344998,0.0,0.02293125,0.02293125,0.0458625,0.06879374,0.06879374,0.0458625,0.13758749,0.02293125,0.0,0.02293125,0.0,0.0,0.0458625,0.0458625,0.09172499,0.13758749,0.0,0.0,0.01054021,0.00871053,0.04409739,-0.03599007,-0.03247543,0.04200494
0.0,0.0,0.0,0.0,0.0,0.07372692,0.0,0.0,0.14745385,0.07372692,0.07372692,0.0,0.0,0.07372692,0.22118077,0.0,0.0,0.0,0.14745385,0.0,0.00279145,-0.03427432,0.07741526,0.03771943,0.02167522,0.08367678
0.18503697,0.0,0.0,0.0,0.0,0.07401479,0.0,0.03700739,0.25905175,0.11102218,0.07401479,0.0,0.03700739,0.0,0.0,0.07401479,0.0,0.14802957,0.0,0.0,-0.01458217,-0.00868612,0.04345673,-0.02276377,-0.01700798,0.02038367
0.19041304,0.0,0.0,0.0,0.0,0.07616521,0.0,0.0,0.34274347,0.11424782,0.07616521,0.0,0.0,0.03808261,0.0,0.03808261,0.0,0.15233043,0.0,0.0,-0.00620023,0.00560939,0.04031454,-0.05264745,-0.03436305,0.0190564
0.19793323,0.0,0.0,0.0,0.0,0.07917329,0.0,0.0,0.31669317,0.15834659,0.03958665,0.0,0.0,0.03958665,0.0,0.03958665,0.0,0.19793323,0.0,0.0,-0.01558532,-0.00463383,0.04225328,-0.07477088,-0.04582713,0.02972443
0.12991623,0.0,0.0,0.0,0.04330541,0.12991623,0.0,0.04330541,0.38974869,0.08661082,0.04330541,0.0,0.0,0.04330541,0.0,0.04330541,0.0,0.21652705,0.0,0.0,-0.02877739,-0.01540662,0.00889706,-0.09349619,-0.05849598,0.01803305
0.07420124,0.0,0.03710062,0.0,0.07420124,0.11130185,0.0,0.07420124,0.37100618,0.11130185,0.0,0.0,0.03710062,0.03710062,0.0,0.03710062,0.0,0.22260371,0.0,0.0,-0.05678128,-0.03603748,0.01042494,-0.07506514,-0.05361801,0.02385718
0.08929933,0.0,0.0,0.0,0.0,0.0,0.08929933,0.13394899,0.08929933,0.13394899,0.0,0.0,0.0,0.04464966,0.17859865,0.04464966,0.0,0.0,0.0,0.0,0.06996865,0.03837591,-0.00654538,0.04765553,0.01031792,0.03653342
0.23934569,0.0,0.0,0.0,0.0,0.09573827,0.0,0.09573827,0.19147655,0.28721482,0.0,0.04786914,0.0,0.0,0.0,0.0,0.0,0.0,0.0,0.04786914,-0.00144957,0.00281219,0.01268527,-0.01365873,-0.02505617,0.01941512
0.0,0.0,0.0,0.0,0.31557,0.0,0.0,0.0,0.10519,0.10519,0.0,0.10519,0.10519,0.10519,0.0,0.0,0.0,0.10519,0.0,0.10519,-0.02733538,-0.00956762,-0.00767186,-0.00248643,-0.01359844,0.0087597
0.0,0.0,0.0,0.0,0.20557091,0.0,0.0,0.0,0.10278546,0.10278546,0.0,0.10278546,0.10278546,0.10278546,0.0,0.0,0.0,0.10278546,0.10278546,0.10278546,-0.03127419,-0.00326401,-0.00425532,-0.0034279,-0.00712046,0.0214873
0.0,0.0,0.0,0.0,0.09933519,0.0,0.0,0.0,0.09933519,0.09933519,0.0,0.09933519,0.09933519,0.09933519,0.0,0.0,0.0,0.09933519,0.19867037,0.09933519,-0.02957098,0.00468641,0.02536027,0.000822,-0.00884828,0.01419872
0.0,0.0,0.0,0.0,0.12313448,0.0246269,0.0,0.0246269,0.0,0.04925379,0.0,0.0,0.46791103,0.0,0.24626897,0.0,0.0,0.0,0.0,0.0246269,0.00573717,0.00555367,-0.01167527,0.04088034,0.01963365,-0.02057853
0.0,0.20918627,0.0,0.0,0.0,0.0,0.0,0.0,0.10459313,0.0,0.0,0.0,0.0,0.0,0.20918627,0.0,0.0,0.0,0.20918627,0.10459313,-0.05470878,-0.06712369,0.07881302,0.05256432,0.04055843,0.11315164
0.0,0.28309489,0.0,0.0,0.0,0.0,0.0,0.0,0.14154744,0.0,0.0,0.0,0.0,0.0,0.14154744,0.0,0.0,0.0,0.14154744,0.14154744,-0.01796747,0.00337336,0.01805409,0.07858219,0.04068923,0.02798393
0.0,0.49536193,0.0,0.0,0.0,0.0,0.0,0.0,0.33024128,0.0,0.0,0.0,0.0,0.0,0.16512064,0.0,0.0,0.0,0.0,0.0,-0.02860418,-0.05342776,-0.0265831,0.08041953,0.04121659,-0.00374494
0.03836247,0.11508741,0.0575437,0.01918123,0.01918123,0.13426864,0.0575437,0.0575437,0.03836247,0.01918123,0.0,0.03836247,0.03836247,0.0575437,0.13426864,0.03836247,0.03836247,0.0575437,0.0,0.03836247,0.00810124,0.01845645,-0.00285146,-0.02042944,0.00090626,-0.00160725
0.06629176,0.0,0.0,0.0,0.06629176,0.06629176,0.0,0.0,0.46404232,0.3314588,0.0,0.0,0.0,0.0,0.06629176,0.06629176,0.0,0.0,0.0,0.06629176,0.00719461,0.01254178,0.01138502,-0.11948029,-0.07224841,-0.03264438
0.0,0.15004376,0.02500729,0.02500729,0.0,0.07502188,0.02500729,0.0,0.05001459,0.10002917,0.05001459,0.02500729,0.0,0.0,0.20005834,0.0,0.07502188,0.02500729,0.0,0.05001459,0.03438157,0.03726708,-0.00735008,0.04224671,0.01516632,0.00303316
0.13063746,0.0,0.0,0.0,0.39191238,0.13063746,0.13063746,0.0,0.26127492,0.0,0.0,0.0,0.0,0.0,0.13063746,0.0,0.0,0.0,0.13063746,0.0,-0.00482923,-0.01760993,-0.00712119,-0.11817465,-0.14481162,-0.01382798
0.19760275,0.0,0.0,0.19760275,0.0,0.06586758,0.06586758,0.0,0.19760275,0.0,0.0,0.0,0.06586758,0.0,0.0,0.06586758,0.0,0.0,0.0,0.0,0.0121563,0.03973133,0.02314236,0.00410469,0.02666218,0.03792458
0.09528166,0.0,0.06352111,0.0,0.0,0.06352111,0.06352111,0.0,0.0,0.12704222,0.0,0.03176055,0.28584499,0.03176055,0.03176055,0.06352111,0.03176055,0.06352111,0.0,0.0,0.00527663,-0.00947363,0.03866399,-0.00145883,0.00162557,0.01254962
0.19277207,0.0,0.0,0.0,0.0,0.0,0.0,0.0,0.30843531,0.42409855,0.0,0.0,0.0,0.0,0.0,0.0,0.0,0.0,0.03855441,0.0,0.04607815,0.02575194,0.01400328,-0.01582784,-0.0302648,-0.00360107
0.30194321,0.0,0.0,0.0,0.0,0.0,0.0,0.0,0.30194321,0.30194321,0.0,0.0,0.0,0.0,0.0,0.0,0.0,0.0,0.0377429,0.0,0.04678783,0.03229023,0.01172703,-0.02714207,-0.03656303,0.02932747
0.22210231,0.0,0.0,0.0,0.0,0.0,0.13326139,0.0,0.3553637,0.3553637,0.0,0.0,0.0,0.0,0.0,0.0,0.0,0.0,0.04442046,0.0,0.00402792,0.02018771,-0.00363322,-0.07114565,-0.04992812,-0.01002019
0.29893376,0.0,0.0,0.0,0.0,0.0,0.08540965,0.0,0.34163858,0.25622894,0.0,0.0,0.04270482,0.0,0.0,0.0,0.0,0.0,0.04270482,0.0,0.02415002,0.02783954,-0.00442084,-0.08728355,-0.05740689,0.02950114
0.30720056,0.0,0.0,0.0,0.0,0.0,0.08777159,0.0,0.35108636,0.26331477,0.0,0.0,0.04388579,0.0,0.0,0.0,0.0,0.0,0.04388579,0.0,0.01004573,0.01602517,0.00782721,-0.09423997,-0.0651165,0.02831349
0.31857195,0.0,0.0,0.0,0.0,0.0,0.09102056,0.0,0.36408223,0.27306167,0.0,0.0,0.04551028,0.0,0.0,0.0,0.0,0.0,0.04551028,0.0,0.00493929,-0.0031331,0.00069308,-0.08206542,-0.04056796,-0.01762287
0.0395763,0.0,0.0,0.0395763,0.0395763,0.15830519,0.0,0.0791526,0.23745779,0.15830519,0.0,0.0,0.0,0.0395763,0.0,0.0,0.0791526,0.1187289,0.0395763,0.0,-0.01763225,-0.03330244,0.03520853,-0.04362634,-0.0176475,0.04801624
0.0748502,0.0,0.0,0.0,0.0374251,0.1122753,0.0,0.1122753,0.18712549,0.18712549,0.0,0.0,0.0374251,0.0,0.0,0.0374251,0.0748502,0.0748502,0.0374251,0.0,0.00262024,-0.03108358,0.04222348,-0.01272266,-0.01406142,0.03997138
0.04312237,0.0,0.0,0.0,0.0,0.21561185,0.0,0.25873422,0.12936711,0.12936711,0.0,0.0,0.08624474,0.0,0.17248948,0.04312237,0.0,0.04312237,0.04312237,0.04312237,-0.01448688,-0.01638567,-0.01656052,-0.08691334,-0.06799575,-0.00508419
0.0,0.0,0.0,0.0,0.0,0.0,0.0,0.15395791,0.0,0.11546844,0.0,0.0,0.42338427,0.07697896,0.26942635,0.0,0.0,0.0,0.07697896,0.0,0.01652566,-0.00281919,-0.00671272,-0.07400041,-0.03060482,-0.0185834
0.0,0.0,0.0,0.0,0.0,0.0,0.0,0.06276878,0.06276878,0.06276878,0.0,0.0,0.18830635,0.0,0.12553757,0.0,0.0,0.0,0.31384391,0.0,0.03332316,-0.021955,0.01906162,0.0042083,0.05407,0.09529773
0.17878357,0.0,0.0,0.0,0.08939179,0.17878357,0.13408768,0.0,0.17878357,0.08939179,0.0,0.0,0.0,0.0,0.0,0.04469589,0.04469589,0.08939179,0.04469589,0.04469589,0.00305282,0.01259446,-0.00992249,-0.06669453,-0.04264717,-0.01378042
0.12496373,0.0,0.0,0.0,0.04165458,0.0,0.0,0.08330916,0.29158204,0.08330916,0.0,0.0,0.04165458,0.0,0.0,0.16661831,0.12496373,0.08330916,0.04165458,0.0,-0.00105399,-0.00916451,0.03075731,-0.07069497,-0.04552155,0.01265869
0.0,0.0,0.0,0.0,0.0,0.13351703,0.0,0.13351703,0.0,0.26703407,0.0,0.0,0.0,0.0,0.53406813,0.0,0.0,0.0,0.0,0.13351703,-0.05690429,0.00864289,-0.02840108,-0.03792589,-0.05914194,-0.02792299
0.0,0.0,0.0,0.0,0.0,0.11034332,0.0,0.11034332,0.0,0.22068664,0.0,0.0,0.0,0.0,0.55171659,0.0,0.0,0.0,0.0,0.0,-0.14054953,-0.05166798,-0.02238673,0.16473517,0.08794804,-0.03116883
0.1673417,0.0,0.0,0.0,0.0,0.0,0.0,0.08367085,0.0,0.1673417,0.0,0.0,0.0,0.0,0.25101256,0.0,0.0,0.0,0.0,0.08367085,0.11575883,0.06263956,0.03000196,0.06326807,0.0320084,-0.05671449
0.0,0.0,0.0,0.0,0.0,0.1497636,0.0,0.1497636,0.0,0.44929079,0.0,0.0,0.0,0.0,0.59905439,0.0,0.0,0.0,0.0,0.0,-0.00621706,0.00205214,-0.02122899,-0.1633294,-0.04855807,-0.110591
0.33630804,0.0,0.0,0.0,0.11210268,0.11210268,0.11210268,0.0,0.11210268,0.0,0.0,0.11210268,0.0,0.0,0.0,0.11210268,0.0,0.0,0.0,0.0,-0.00080336,-0.00130656,-0.03183408,-0.01698596,-0.02720204,0.06920787
0.073972,0.0,0.073972,0.0,0.036986,0.0,0.036986,0.036986,0.110958,0.110958,0.036986,0.110958,0.0,0.036986,0.073972,0.073972,0.073972,0.073972,0.0,0.073972,0.00336189,0.00986666,-0.00429662,-0.01229904,-0.04635899,0.01411812
0.03953285,0.03953285,0.05929927,0.0,0.03953285,0.09883211,0.01976642,0.03953285,0.07906569,0.03953285,0.03953285,0.05929927,0.03953285,0.11859854,0.07906569,0.07906569,0.05929927,0.0,0.0,0.05929927,-0.00142601,0.01354565,-0.00543798,-0.0058803,0.01915284,-0.00827534
0.0,0.0,0.0,0.09057701,0.09057701,0.09057701,0.09057701,0.0,0.09057701,0.0,0.09057701,0.0,0.09057701,0.0,0.09057701,0.18115403,0.0,0.09057701,0.09057701,0.09057701,-0.05442705,-0.0657448,-0.03625526,-0.03576499,-0.03075312,0.04544405
0.048486,0.0,0.09697199,0.07272899,0.048486,0.0,0.024243,0.07272899,0.0,0.16970099,0.0,0.024243,0.048486,0.07272899,0.12121499,0.07272899,0.07272899,0.024243,0.0,0.0,0.00895922,0.00504478,-0.00997195,0.01750957,0.00794685,0.0007916
0.10376697,0.0,0.02594174,0.15565045,0.02594174,0.0,0.05188348,0.07782522,0.02594174,0.18159219,0.05188348,0.02594174,0.05188348,0.07782522,0.07782522,0.07782522,0.02594174,0.02594174,0.0,0.0,0.000811,0.00037998,-0.01636605,-0.03028429,-0.01531928,-0.00283275
0.06241896,0.0,0.0,0.06241896,0.03120948,0.03120948,0.03120948,0.0,0.12483792,0.09362844,0.0,0.0,0.12483792,0.12483792,0.06241896,0.12483792,0.0,0.0,0.0,0.0,0.02489448,0.0292787,0.00999929,0.03162821,0.02892528,0.0014086
0.10278438,0.0,0.05139219,0.0,0.05139219,0.10278438,0.0,0.05139219,0.0,0.25696094,0.0,0.0,0.0,0.05139219,0.05139219,0.10278438,0.0,0.05139219,0.05139219,0.0,0.05367684,0.01836787,-0.01872157,-0.00076722,-0.01148635,0.03387105
0.12981408,0.0,0.0,0.0,0.04327136,0.08654272,0.04327136,0.04327136,0.04327136,0.25962817,0.04327136,0.04327136,0.0,0.04327136,0.04327136,0.04327136,0.04327136,0.0,0.0,0.0,0.02936687,-0.00278925,0.00234308,0.02522452,0.00066287,0.03649334
0.04220588,0.0,0.0,0.0,0.0,0.21102938,0.0,0.12661763,0.08441175,0.21102938,0.0,0.0,0.04220588,0.0,0.0,0.04220588,0.0,0.08441175,0.0,0.0,0.04507854,0.009475,0.06215815,-0.00163946,-0.0230641,0.06387437
0.05304687,0.0,0.02652343,0.10609373,0.0,0.02652343,0.02652343,0.02652343,0.05304687,0.0795703,0.02652343,0.05304687,0.13261717,0.02652343,0.0795703,0.05304687,0.05304687,0.02652343,0.0,0.10609373,0.009603,0.01033932,0.02064263,-0.00609359,0.00417239,0.00649266
0.05475809,0.16427426,0.02737904,0.0,0.02737904,0.10951617,0.02737904,0.05475809,0.10951617,0.02737904,0.0,0.02737904,0.02737904,0.05475809,0.02737904,0.08213713,0.05475809,0.02737904,0.0,0.08213713,-0.01825078,-0.00796289,0.01808293,0.00701809,0.00133961,0.01412749
0.02251694,0.13510162,0.02251694,0.0,0.02251694,0.13510162,0.02251694,0.06755081,0.11258469,0.04503387,0.0,0.0,0.11258469,0.02251694,0.04503387,0.02251694,0.06755081,0.04503387,0.0,0.02251694,0.02544509,0.00521951,0.0361913,-0.00567694,-0.01290768,0.02853428
0.0,0.0,0.0,0.0,0.10708325,0.0,0.0,0.0,0.428333,0.32124975,0.0,0.0,0.10708325,0.0,0.0,0.10708325,0.10708325,0.0,0.10708325,0.0,-0.03454077,-0.07689434,0.00040185,-0.08436918,-0.05376564,-0.03583091
0.1436285,0.0,0.0,0.04787617,0.04787617,0.04787617,0.0,0.04787617,0.1436285,0.28725699,0.0,0.09575233,0.04787617,0.0,0.09575233,0.1436285,0.04787617,0.0,0.04787617,0.04787617,-0.01903636,-0.03284441,-0.00942794,-0.09672535,-0.06922227,-0.06540014
0.34914608,0.0,0.0,0.0,0.0,0.13092978,0.0,0.08728652,0.17457304,0.08728652,0.04364326,0.0,0.0,0.0,0.0,0.04364326,0.0,0.04364326,0.0,0.0,-0.01587268,-0.01538117,0.04588519,-0.01284443,-0.01724096,0.05530234
0.28678833,0.0,0.0,0.0,0.0,0.0,0.14339417,0.0,0.14339417,0.35848542,0.0,0.0,0.0,0.0,0.0,0.0,0.0,0.0,0.0,0.0,0.03550411,0.02887006,-0.00883036,0.00393563,0.00214607,0.00631239
0.31213546,0.0,0.0,0.0,0.0,0.0,0.15606773,0.0,0.15606773,0.39016933,0.0,0.0,0.0,0.0,0.0,0.0,0.0,0.0,0.0,0.0,0.02764066,-0.00534651,0.00355663,-0.024213,-0.0129265,-0.00315153
0.25433456,0.0,0.0,0.0,0.0,0.0,0.16955637,0.0,0.33911275,0.33911275,0.0,0.0,0.0,0.0,0.0,0.0,0.0,0.0,0.0,0.0,0.01348021,0.00340025,-0.00463991,-0.06630332,-0.02385944,-0.02419421
0.32073793,0.0,0.0,0.0,0.0,0.03563755,0.0,0.0,0.14255019,0.32073793,0.0,0.0,0.0,0.0,0.0,0.0,0.0,0.0,0.0,0.0,0.03825407,0.01834184,0.01407027,0.03902887,0.00916501,0.06147633
0.14206892,0.14206892,0.0,0.0,0.0,0.0,0.0,0.14206892,0.0,0.0,0.0,0.0,0.0,0.0,0.0,0.14206892,0.14206892,0.14206892,0.0,0.0,-0.01499566,0.00043303,0.03967644,0.06100937,0.01135415,0.05010913
0.0,0.3344514,0.0,0.0,0.1672257,0.1672257,0.0,0.0,0.0,0.0,0.1672257,0.0,0.0,0.0,0.0,0.0,0.1672257,0.0,0.0,0.0,0.00078864,0.01107703,0.02578219,0.01479947,0.00051171,-0.05631326
0.0,0.2950064,0.0,0.0,0.0,0.1475032,0.0,0.2950064,0.0,0.0,0.0,0.0,0.0,0.0,0.0,0.0,0.1475032,0.0,0.0,0.0,0.00480565,0.01296376,0.04595551,0.02042182,0.00074342,0.03009065
0.08838317,0.0,0.0,0.0,0.0,0.0,0.0,0.17676634,0.0,0.08838317,0.0,0.0,0.0,0.0,0.35353268,0.0,0.0,0.26514951,0.08838317,0.0,-0.0395632,-0.02191099,0.03886995,-0.01211733,-0.0704375,0.04456103
0.13711422,0.0,0.0,0.05484569,0.02742284,0.13711422,0.0,0.10969137,0.19195991,0.05484569,0.02742284,0.05484569,0.05484569,0.0,0.05484569,0.0,0.0,0.10969137,0.02742284,0.0,-0.01059924,-0.02169811,0.01431351,-0.04285447,-0.01852102,0.03729127
0.0,0.0,0.0,0.0,0.14871671,0.14871671,0.0,0.07435836,0.44615014,0.07435836,0.0,0.0,0.0,0.0,0.0,0.0,0.0,0.07435836,0.07435836,0.0,0.00174971,-0.02825801,0.0064487,-0.02313053,-0.04781044,0.04998356
0.0,0.0,0.0,0.0,0.13983932,0.06991966,0.0,0.06991966,0.27967864,0.06991966,0.0,0.0,0.13983932,0.0,0.0,0.0,0.0,0.06991966,0.13983932,0.0,0.01607765,-0.00794771,-0.02558102,0.00897629,0.00594993,0.02364963
0.0,0.0,0.0,0.0,0.27620965,0.06905241,0.0,0.06905241,0.13810482,0.06905241,0.0,0.0,0.13810482,0.0,0.13810482,0.0,0.0,0.06905241,0.0,0.0,0.03540328,-0.0039584,-0.00962718,0.00207767,0.0045227,0.00484817
0.0,0.0,0.0,0.0,0.0,0.05684512,0.05684512,0.05684512,0.0,0.05684512,0.0,0.11369023,0.3410707,0.05684512,0.17053535,0.0,0.0,0.05684512,0.0,0.05684512,-0.00426378,0.0078986,-0.03065965,0.01329216,-0.00230734,-0.00717208
0.1414575,0.0,0.02357625,0.0,0.0471525,0.07072875,0.02357625,0.11788125,0.21218625,0.0471525,0.0,0.07072875,0.0471525,0.0,0.0471525,0.02357625,0.0471525,0.07072875,0.0,0.0,-0.00668314,0.00307784,0.00697392,-0.02487661,-0.00486338,0.03616888
0.13397924,0.0,0.0,0.0,0.08931949,0.0,0.04465975,0.04465975,0.26795848,0.13397924,0.0,0.0,0.0,0.0,0.0,0.17863899,0.13397924,0.08931949,0.04465975,0.0,-0.02774878,-0.04569696,0.0174043,-0.05941283,-0.03718497,-0.00851416
0.0,0.1966987,0.0,0.02809981,0.02809981,0.14049907,0.02809981,0.02809981,0.05619963,0.08429944,0.0,0.0,0.02809981,0.0,0.1966987,0.0,0.05619963,0.02809981,0.0,0.05619963,0.00950617,0.02845105,-0.01644667,0.01268793,0.012942,-0.00253418
0.24356277,0.0,0.0,0.04871255,0.14613766,0.09742511,0.04871255,0.09742511,0.19485022,0.04871255,0.04871255,0.04871255,0.0,0.0,0.0,0.04871255,0.0,0.04871255,0.0,0.0,0.00309991,-0.00404868,-0.01292623,-0.06179371,-0.06270976,0.01798971
0.0686075,0.20582251,0.0,0.0686075,0.0,0.10291125,0.0,0.03430375,0.0,0.10291125,0.0,0.0,0.0,0.0,0.20582251,0.10291125,0.10291125,0.03430375,0.0,0.0686075,-0.03123049,-0.01257881,0.00752646,-0.02614952,-0.02545942,-0.00982825
0.0398435,0.0,0.0398435,0.0398435,0.0398435,0.07968701,0.27890452,0.0,0.15937401,0.0,0.0,0.0,0.0,0.0,0.11953051,0.07968701,0.0,0.0,0.0,0.07968701,0.05477408,0.02888564,-0.03284324,0.00902825,-0.0288099,0.01272109
0.0,0.0,0.0,0.0,0.16507254,0.0,0.0,0.0,0.33014508,0.33014508,0.0,0.0,0.0,0.0,0.16507254,0.08253627,0.0,0.0,0.0,0.08253627,0.03013564,0.02380168,-0.00030399,-0.11811697,-0.10561341,0.01458925
0.04917763,0.0,0.0,0.04917763,0.1475329,0.09835527,0.04917763,0.24588817,0.19671053,0.04917763,0.04917763,0.04917763,0.0,0.0,0.0,0.04917763,0.0,0.04917763,0.04917763,0.0,-0.0009095,-0.01456684,-0.0068225,-0.06394673,-0.05275222,0.00791221
0.05126166,0.0,0.0,0.05126166,0.15378499,0.10252333,0.05126166,0.25630832,0.20504665,0.05126166,0.05126166,0.05126166,0.0,0.0,0.0,0.05126166,0.0,0.05126166,0.05126166,0.0,-0.00591063,-0.01561074,-0.02424705,-0.08232411,-0.0680024,0.01707668
0.1083402,0.0,0.0,0.0,0.1625103,0.1625103,0.0,0.1083402,0.48753089,0.1083402,0.0,0.0,0.0,0.0,0.0,0.0,0.0,0.0541701,0.0,0.0,-0.00881435,0.00657501,-0.0322179,-0.10018321,-0.09483646,0.03773473
0.0,0.0,0.0,0.0,0.0,0.0,0.0,0.0,0.0,0.0,0.0,0.0,0.05863779,0.0,0.35182676,0.0,0.0,0.05863779,0.0,0.0,0.14542508,0.07311161,0.02376607,0.17006133,0.08382624,0.03470732
0.0,0.0,0.0,0.0,0.0,0.0699659,0.0,0.0,0.0,0.0,0.0,0.0,0.0,0.0,0.3498295,0.03498295,0.0,0.03498295,0.0,0.0,0.19030203,0.0906405,0.04076622,0.1294684,0.07181492,-0.01275338
0.07817224,0.0,0.0,0.0,0.0,0.23451673,0.07817224,0.07817224,0.23451673,0.15634448,0.0,0.0,0.0,0.0,0.31268897,0.0,0.07817224,0.07817224,0.0,0.07817224,0.00369405,0.01409583,-0.05175977,-0.22147936,-0.0850856,-0.06656552
0.0,0.0,0.0,0.0,0.0,0.1441982,0.0720991,0.3604955,0.2883964,0.0720991,0.0,0.0720991,0.0,0.0,0.2162973,0.0,0.0,0.0,0.0,0.0720991,0.02125541,0.02257228,-0.01332977,-0.17605816,-0.10753923,-0.04468432
0.0,0.21158227,0.0,0.0,0.05289557,0.1586867,0.0,0.0,0.0,0.05289557,0.0,0.0,0.0,0.0,0.31737341,0.0,0.0,0.10579114,0.0,0.05289557,0.03139196,0.02667841,0.00230301,0.00749557,-0.00929983,-0.01068933
0.08428143,0.0,0.0,0.0,0.0,0.04214071,0.0,0.0,0.0,0.16856285,0.0,0.0,0.0,0.0,0.0,0.0,0.0,0.16856285,0.16856285,0.0,0.0693001,0.04926626,0.01420353,0.07855094,0.06309486,0.09347361
0.29154397,0.0,0.0,0.0,0.0,0.0,0.09718132,0.0,0.38872529,0.29154397,0.0,0.0,0.0,0.0,0.19436265,0.0,0.0,0.0,0.09718132,0.0,-0.06403636,-0.06577366,-0.01784503,-0.13668877,-0.07173439,-0.0044603
0.0,0.0,0.0,0.0,0.35516517,0.0,0.0,0.07103303,0.07103303,0.07103303,0.0,0.0,0.2130991,0.0,0.14206607,0.0,0.0,0.0,0.0,0.0,0.02689103,-0.01465098,0.00737589,0.01759049,0.03028261,0.00908151
0.0,0.0,0.0,0.0,0.0,0.10903418,0.0,0.10903418,0.21806836,0.43613671,0.0,0.0,0.0,0.0,0.10903418,0.0,0.10903418,0.0,0.0,0.0,0.0135263,-0.00185722,0.0051343,-0.07773047,-0.03742462,0.00800992
0.0,0.04597263,0.04597263,0.0,0.04597263,0.09194526,0.0,0.18389053,0.27583579,0.1379179,0.04597263,0.0,0.0,0.0,0.18389053,0.04597263,0.09194526,0.04597263,0.0,0.0,0.00316235,0.02452493,-0.00239945,-0.16602314,-0.10029439,-0.00023137
0.10354131,0.25885327,0.0,0.0,0.0,0.0,0.0,0.10354131,0.0,0.0,0.0,0.0,0.0,0.0,0.0,0.25885327,0.15531196,0.0,0.0,0.0,0.00249949,0.00279102,0.05753441,-0.00085311,0.00362778,0.0542993
0.0,0.0,0.27531738,0.0,0.13765869,0.0,0.0,0.0,0.0,0.0,0.13765869,0.27531738,0.0,0.0,0.0,0.13765869,0.0,0.0,0.0,0.0,0.01113452,0.02976754,0.01099159,-0.01085989,-0.00699389,0.00234928
0.0,0.28205288,0.0,0.0,0.07051322,0.07051322,0.0,0.07051322,0.07051322,0.0,0.0,0.0,0.0,0.0,0.28205288,0.0,0.0,0.07051322,0.07051322,0.14102644,-0.01763319,-0.03650441,0.00510478,-0.02478358,-0.02595854,-0.02843657
0.0,0.0,0.0,0.0,0.23285655,0.13971393,0.18628524,0.09314262,0.04657131,0.04657131,0.0,0.04657131,0.0,0.04657131,0.0,0.04657131,0.0,0.18628524,0.0,0.0,0.00505676,0.00952633,-0.02909509,-0.05835979,-0.00784483,0.0095765
0.14740252,0.23584404,0.0,0.0,0.05896101,0.11792202,0.0,0.0,0.11792202,0.0,0.0,0.0,0.0,0.0,0.17688303,0.08844151,0.0,0.0,0.0294805,0.0294805,-0.01805999,-0.01800046,-0.0259092,0.034175,0.00510221,0.02035528
0.11466788,0.0208487,0.01042435,0.06254611,0.04169741,0.09381917,0.01042435,0.0208487,0.10424352,0.07297047,0.01042435,0.0208487,0.0208487,0.07297047,0.06254611,0.07297047,0.05212176,0.07297047,0.05212176,0.03127306,0.00181811,-0.0020576,0.00577544,-0.01211729,-0.01447641,-0.00052878
0.03303283,0.0,0.05505471,0.01101094,0.02202188,0.16516413,0.03303283,0.03303283,0.04404377,0.05505471,0.0,0.05505471,0.09909848,0.03303283,0.04404377,0.06606565,0.03303283,0.05505471,0.01101094,0.05505471,0.009142,0.00577397,0.02054292,0.01142594,0.01684061,0.03337729
0.27073814,0.27073814,0.0,0.0,0.0,0.0,0.0,0.0,0.0,0.0,0.0,0.0,0.0,0.0,0.0,0.0,0.13536907,0.13536907,0.0,0.0,0.00867445,0.01078946,0.05505839,0.02193791,0.00696271,0.08436268
0.14936069,0.29872138,0.0,0.0,0.0,0.0,0.0,0.0,0.0,0.0,0.0,0.0,0.0,0.0,0.0,0.0,0.29872138,0.14936069,0.0,0.0,0.00922153,0.01143864,0.04085433,-0.00710434,0.0067526,0.0426731
0.14487912,0.11590329,0.02897582,0.01448791,0.01448791,0.08692747,0.02897582,0.02897582,0.02897582,0.07243956,0.0,0.01448791,0.05795165,0.08692747,0.04346373,0.08692747,0.04346373,0.02897582,0.0,0.04346373,-0.01174211,0.00685851,0.00960983,0.00977828,-0.00755182,0.02235723
0.0,0.0,0.0,0.0,0.17530243,0.0,0.0,0.17530243,0.0,0.17530243,0.0,0.0,0.17530243,0.0,0.0,0.0,0.0,0.08765122,0.0,0.0,0.08338753,0.0392409,0.01414132,0.06306831,0.01743157,-0.00613058
0.0,0.0,0.0,0.0,0.08855311,0.0,0.0,0.17710622,0.0,0.17710622,0.0,0.0,0.17710622,0.0,0.0,0.0,0.0,0.08855311,0.0,0.08855311,0.07474159,0.03830774,0.01925001,0.06351231,0.0177487,-0.01053833
0.0,0.0,0.0,0.0,0.08827208,0.0,0.0,0.17654416,0.0,0.17654416,0.0,0.0,0.17654416,0.0,0.0,0.0,0.0,0.08827208,0.08827208,0.0,0.08000992,0.04480989,0.01705979,0.06343106,0.01695581,-0.0167152
0.0,0.0,0.0,0.0,0.27006388,0.0,0.0,0.18004258,0.0,0.09002129,0.0,0.0,0.18004258,0.0,0.0,0.0,0.0,0.09002129,0.0,0.0,0.07598382,0.04615155,0.00479633,0.05996113,0.02111359,-0.01819806
0.08932261,0.0,0.0,0.0,0.0,0.0,0.0,0.17864523,0.0,0.17864523,0.0,0.0,0.17864523,0.0,0.0,0.0,0.0,0.08932261,0.0,0.08932261,0.07437816,0.02788842,0.0003497,0.0639356,0.01925464,0.01028997
0.0856344,0.0,0.0,0.0,0.1712688,0.0,0.0,0.1712688,0.0,0.1712688,0.0,0.0,0.0856344,0.0,0.0,0.0,0.0,0.0856344,0.0,0.0,0.08646302,0.04111832,0.01197201,0.07593912,0.02246949,-0.00867158
0.17643058,0.0,0.0,0.0,0.17643058,0.0,0.0,0.17643058,0.0,0.08821529,0.0,0.0,0.08821529,0.0,0.0,0.0,0.0,0.08821529,0.0,0.0,0.07811651,0.03660549,0.01497267,0.06571081,0.01657288,-0.00591597
0.13324552,0.0,0.06662276,0.0,0.06662276,0.13324552,0.0,0.06662276,0.0,0.13324552,0.0,0.0,0.0,0.06662276,0.06662276,0.13324552,0.0,0.06662276,0.06662276,0.0,0.03733254,0.00217071,-0.04036054,-0.03175446,-0.0234384,0.05670878
0.0658072,0.0,0.0658072,0.0,0.0658072,0.0658072,0.0,0.0658072,0.0,0.26322881,0.0,0.0,0.0,0.0658072,0.0658072,0.13161441,0.0,0.0658072,0.0658072,0.0,0.05847346,0.02577762,-0.05708023,-0.01735032,-0.02843782,0.03150925
0.0532956,0.0532956,0.0,0.21318239,0.0532956,0.10659119,0.0,0.0,0.0,0.0,0.0,0.0,0.0,0.0,0.26647798,0.0532956,0.0532956,0.0,0.10659119,0.0,0.05804173,0.0486528,-0.02332729,-0.0515539,-0.06092466,0.06979058
0.0,0.20223083,0.0,0.0,0.0,0.0,0.0,0.20223083,0.0,0.0,0.0,0.10111542,0.0,0.0,0.40446167,0.0,0.0,0.30334625,0.0,0.0,-0.02563,-0.03637728,-0.01836403,-0.06081243,-0.03011864,-0.04208262
0.0,0.19255807,0.0,0.03209301,0.0,0.16046506,0.0,0.0,0.0,0.03209301,0.0,0.06418602,0.09627904,0.0,0.03209301,0.03209301,0.16046506,0.09627904,0.03209301,0.0,0.01143428,-0.00296726,0.03273994,0.00042674,-0.00076903,0.02843797
0.0,0.0,0.0,0.0,0.08111953,0.08111953,0.0,0.0,0.40559764,0.24335858,0.0,0.0,0.0,0.0,0.0,0.0,0.16223906,0.16223906,0.08111953,0.0,-0.04332304,-0.06887309,0.02599504,-0.09098709,-0.05375323,0.01414849
0.0,0.0,0.03719025,0.0,0.07438049,0.07438049,0.07438049,0.07438049,0.0,0.0,0.0,0.07438049,0.26033173,0.07438049,0.11157074,0.03719025,0.03719025,0.0,0.0,0.03719025,0.01562005,-0.00309113,0.00978511,0.02374458,0.0092009,-0.02220592
0.0,0.0,0.0,0.0,0.0,0.05551067,0.05551067,0.05551067,0.05551067,0.0,0.0,0.0,0.333064,0.0,0.22204267,0.11102133,0.05551067,0.05551067,0.0,0.05551067,-0.04771416,-0.00980815,-0.05288045,0.02940821,0.00256541,0.02372647
0.0798538,0.0,0.0,0.0,0.0798538,0.0399269,0.0,0.0798538,0.1197807,0.23956139,0.0399269,0.0,0.0399269,0.0,0.23956139,0.0798538,0.0,0.0,0.0,0.0,0.02367739,0.01262744,-0.00430438,-0.04282246,-0.03341901,0.00614166
0.15228382,0.0,0.0,0.05076127,0.01269032,0.11421287,0.0,0.08883223,0.10152255,0.06345159,0.01269032,0.01269032,0.01269032,0.0,0.02538064,0.05076127,0.05076127,0.10152255,0.02538064,0.01269032,0.02438252,0.02140071,0.02979291,0.00152164,0.00309711,0.0314828
0.14090987,0.0,0.0,0.09393991,0.09393991,0.04696996,0.04696996,0.09393991,0.32878969,0.09393991,0.04696996,0.0,0.0,0.0,0.04696996,0.04696996,0.0,0.0,0.04696996,0.0,0.00012694,0.03153048,-0.0176924,-0.04549288,-0.05829108,-0.03745999
0.0,0.39490945,0.0,0.0,0.0,0.0,0.0,0.0,0.0,0.0,0.0,0.0,0.0,0.0,0.0,0.13163648,0.32909121,0.06581824,0.0,0.0,0.00276862,0.00451797,0.03431075,-0.00363514,0.00511254,0.03546989
0.12995217,0.0,0.02165869,0.02165869,0.04331739,0.10829347,0.02165869,0.04331739,0.15161086,0.02165869,0.02165869,0.04331739,0.0,0.0,0.04331739,0.04331739,0.04331739,0.15161086,0.0,0.0,0.00970413,0.00949291,0.04711422,-0.00836119,-0.01777668,0.05016144
0.10703642,0.03344888,0.10703642,0.02675911,0.00668978,0.07358754,0.02006933,0.03344888,0.06020799,0.10703642,0.01337955,0.03344888,0.03344888,0.06689777,0.06020799,0.04013866,0.02675911,0.06689777,0.02006933,0.0,0.0099725,0.01408438,0.02010281,-0.00808272,0.00573818,0.02161614
0.01666384,0.09998302,0.04999151,0.03332767,0.0,0.09998302,0.0,0.08331919,0.11664686,0.06665535,0.0,0.01666384,0.09998302,0.03332767,0.04999151,0.03332767,0.04999151,0.04999151,0.03332767,0.01666384,0.01864296,0.02202048,0.01907548,-0.01258139,-0.01830339,0.02130713
0.10743336,0.0,0.02685834,0.02685834,0.05371668,0.1342917,0.0,0.1342917,0.18800839,0.0,0.0,0.02685834,0.02685834,0.08057502,0.05371668,0.0,0.02685834,0.10743336,0.02685834,0.02685834,-0.0306607,-0.01814779,0.03461658,-0.03019362,-0.01274409,0.00965433
0.10383282,0.0,0.02595821,0.02595821,0.02595821,0.12979103,0.02595821,0.15574924,0.10383282,0.0,0.02595821,0.0,0.02595821,0.05191641,0.07787462,0.05191641,0.02595821,0.10383282,0.02595821,0.0,-0.0074762,-0.01176069,0.04453543,-0.01711288,-0.01819848,0.023601
0.0,0.0,0.02399079,0.02399079,0.04798158,0.14394473,0.04798158,0.02399079,0.0,0.04798158,0.0,0.02399079,0.1919263,0.04798158,0.1919263,0.04798158,0.02399079,0.0,0.02399079,0.0,0.00060169,-0.01842001,0.0306068,0.03916955,0.03176771,0.00462434
0.05945544,0.0,0.02972772,0.0,0.05945544,0.02972772,0.02972772,0.08918315,0.02972772,0.0,0.0,0.11891087,0.26754946,0.02972772,0.14863859,0.02972772,0.02972772,0.02972772,0.02972772,0.0,0.01096656,0.01648613,-0.01860471,-0.0024839,-0.00057833,-0.01652817
