0.08871895,0.0,0.0,0.04435948,0.06653921,0.04435948,0.04435948,0.0,0.04435948,0.04435948,0.0,0.04435948,0.04435948,0.04435948,0.0,0.02217974,0.04435948,0.11089869,0.02217974,0.02217974,0.11874946,0.14931919
0.04377192,0.13131577,0.02188596,0.0,0.0,0.06565789,0.02188596,0.02188596,0.02188596,0.06565789,0.0,0.04377192,0.04377192,0.06565789,0.04377192,0.0,0.0,0.08754385,0.0,0.04377192,0.1390806,0.13868266
0.09034675,0.13552012,0.0,0.02258669,0.02258669,0.06776006,0.0,0.06776006,0.0,0.02258669,0.0,0.0,0.02258669,0.02258669,0.09034675,0.0,0.02258669,0.0,0.02258669,0.06776006,0.15738186,0.16501753
0.0851482,0.01216403,0.03649208,0.06082014,0.02432806,0.07298417,0.02432806,0.02432806,0.02432806,0.06082014,0.01216403,0.04865611,0.02432806,0.02432806,0.03649208,0.03649208,0.03649208,0.07298417,0.0,0.02432806,0.12209988,0.13589441
0.17855208,0.0,0.0,0.0,0.02231901,0.08927604,0.02231901,0.02231901,0.06695703,0.11159505,0.04463802,0.02231901,0.0,0.04463802,0.0,0.02231901,0.08927604,0.0,0.02231901,0.0,0.10451254,0.13664111
0.1329729,0.0,0.0,0.02216215,0.0,0.11081075,0.0,0.02216215,0.1329729,0.11081075,0.02216215,0.02216215,0.0,0.0,0.0,0.02216215,0.0,0.0443243,0.02216215,0.0,0.14592645,0.18920904
0.14693375,0.0,0.02448896,0.0,0.0,0.04897792,0.0,0.0,0.09795583,0.09795583,0.02448896,0.07346687,0.0,0.02448896,0.0,0.0,0.04897792,0.07346687,0.02448896,0.0,0.13136371,0.18294547
0.06027741,0.04018494,0.0,0.03013871,0.0,0.04018494,0.02009247,0.05023118,0.10046235,0.08036988,0.02009247,0.05023118,0.05023118,0.06027741,0.01004624,0.04018494,0.04018494,0.04018494,0.0,0.0,0.13652312,0.13010172
0.0396533,0.10574212,0.02643553,0.02643553,0.01321777,0.06608883,0.0,0.05287106,0.06608883,0.0396533,0.02643553,0.02643553,0.10574212,0.02643553,0.02643553,0.0396533,0.02643553,0.0396533,0.0,0.0,0.11482067,0.13176671
0.12921282,0.11075385,0.01845897,0.0,0.01845897,0.11075385,0.05537692,0.01845897,0.01845897,0.03691795,0.0,0.01845897,0.0,0.0,0.05537692,0.03691795,0.03691795,0.03691795,0.0,0.03691795,0.12919339,0.13244761
0.09181385,0.11017662,0.03672554,0.0,0.01836277,0.11017662,0.01836277,0.03672554,0.03672554,0.03672554,0.0,0.03672554,0.01836277,0.0,0.03672554,0.05508831,0.01836277,0.05508831,0.0,0.01836277,0.13062772,0.13486147
0.01585141,0.1268113,0.03170283,0.06340565,0.0,0.07925706,0.03170283,0.03170283,0.06340565,0.03170283,0.01585141,0.01585141,0.03170283,0.0,0.03170283,0.06340565,0.0,0.01585141,0.03170283,0.01585141,0.14116645,0.16137138
0.0154671,0.12373682,0.03093421,0.06186841,0.0,0.07733551,0.0154671,0.0,0.04640131,0.03093421,0.0,0.0154671,0.03093421,0.0,0.06186841,0.07733551,0.0154671,0.03093421,0.03093421,0.0154671,0.15522411,0.16422337
0.0,0.0,0.00567577,0.0,0.0,0.55054947,0.0,0.0,0.03405461,0.09081228,0.0,0.0,0.0,0.0,0.0170273,0.0,0.0,0.00567577,0.0,0.05108191,0.11824856,0.12687433
0.05086887,0.0406951,0.03052132,0.05086887,0.0,0.03052132,0.02034755,0.06104264,0.08139019,0.10173774,0.0,0.01017377,0.0406951,0.0406951,0.03052132,0.03052132,0.05086887,0.03052132,0.0,0.01017377,0.14356211,0.14427371
0.0,0.13963763,0.0,0.03490941,0.0,0.03490941,0.0,0.0,0.03490941,0.03490941,0.0,0.0,0.0,0.03490941,0.17454703,0.0,0.03490941,0.03490941,0.0,0.06981881,0.19952007,0.17211062
0.07254616,0.0,0.03627308,0.01209103,0.02418205,0.09672822,0.0,0.0,0.07254616,0.02418205,0.03627308,0.03627308,0.06045513,0.07254616,0.04836411,0.01209103,0.0,0.0,0.02418205,0.03627308,0.16451304,0.17048048
0.0,0.0,0.0,0.0,0.0921807,0.0921807,0.1229076,0.0921807,0.0614538,0.0307269,0.0,0.0,0.0,0.0,0.0307269,0.0,0.0614538,0.0921807,0.0,0.0,0.13581727,0.18819093
0.12467387,0.0,0.0,0.0,0.04155796,0.08311591,0.0,0.04155796,0.08311591,0.20778978,0.0,0.0,0.04155796,0.0,0.04155796,0.0,0.0,0.0,0.0,0.0,0.1443532,0.19071951
0.08994546,0.05996364,0.0,0.0,0.08994546,0.02998182,0.0,0.02998182,0.11992728,0.08994546,0.0,0.0,0.02998182,0.0,0.0,0.05996364,0.02998182,0.08994546,0.0,0.0,0.11160933,0.16882698
0.07508167,0.07508167,0.0,0.0,0.03754084,0.07508167,0.0,0.11262251,0.11262251,0.07508167,0.03754084,0.0,0.03754084,0.0,0.0,0.0,0.03754084,0.07508167,0.0,0.0,0.0981847,0.15099856
0.03145204,0.0,0.0,0.03145204,0.03145204,0.15726018,0.12580814,0.06290407,0.03145204,0.12580814,0.03145204,0.03145204,0.0,0.03145204,0.0,0.0,0.0,0.06290407,0.0,0.0,0.12776287,0.11738826
0.03488263,0.0,0.06976526,0.0,0.06976526,0.10464789,0.13953052,0.06976526,0.0,0.13953052,0.0,0.0,0.0,0.0,0.03488263,0.03488263,0.0,0.03488263,0.0,0.0,0.12321316,0.14425161
0.13520937,0.0,0.0,0.0,0.09013958,0.18027917,0.0,0.09013958,0.04506979,0.18027917,0.0,0.0,0.04506979,0.0,0.0,0.0,0.0,0.0,0.0,0.0,0.09917007,0.13464348
0.0,0.0,0.0,0.0,0.05684087,0.11368174,0.0,0.11368174,0.05684087,0.22736349,0.0,0.0,0.05684087,0.0,0.0,0.05684087,0.0,0.05684087,0.0,0.0,0.10931791,0.15175075
0.0,0.0,0.0,0.0,0.05264977,0.10529954,0.0,0.10529954,0.0,0.21059909,0.0,0.0,0.05264977,0.0,0.05264977,0.05264977,0.0,0.05264977,0.0,0.0,0.13962872,0.17592425
0.09770433,0.06513622,0.0,0.0,0.06513622,0.03256811,0.0,0.09770433,0.06513622,0.16284054,0.0,0.03256811,0.06513622,0.0,0.0,0.03256811,0.03256811,0.0,0.0,0.03256811,0.10815195,0.11021344
0.0,0.0,0.0,0.0,0.10965505,0.16448257,0.0,0.05482752,0.05482752,0.16448257,0.05482752,0.0,0.0,0.0,0.0,0.05482752,0.0,0.05482752,0.0,0.0,0.118081,0.16916119
0.16618251,0.0,0.0,0.0,0.04154563,0.0,0.08309126,0.12463689,0.04154563,0.08309126,0.0,0.04154563,0.04154563,0.0,0.0,0.12463689,0.0,0.04154563,0.0,0.0,0.09836682,0.11226624
0.0809905,0.0,0.0,0.0,0.04049525,0.04049525,0.12148576,0.0809905,0.0,0.12148576,0.0,0.04049525,0.04049525,0.0,0.0,0.12148576,0.04049525,0.0809905,0.0,0.0,0.07948323,0.11061173
0.0,0.0,0.0,0.0,0.13395219,0.04465073,0.0,0.04465073,0.04465073,0.08930146,0.0,0.0,0.0,0.04465073,0.04465073,0.04465073,0.0,0.04465073,0.04465073,0.0,0.16898465,0.25055586
0.0,0.10715455,0.01785909,0.0,0.03571818,0.10715455,0.0,0.03571818,0.05357728,0.03571818,0.01785909,0.03571818,0.01785909,0.0,0.10715455,0.0,0.01785909,0.0,0.01785909,0.05357728,0.16489686,0.17431672
0.13166784,0.0,0.0,0.01880969,0.05642907,0.05642907,0.0,0.0,0.15047753,0.03761938,0.01880969,0.01880969,0.0,0.05642907,0.0,0.0,0.01880969,0.07523876,0.0,0.01880969,0.13688575,0.20477507
0.0215721,0.12943262,0.0,0.0215721,0.04314421,0.10786052,0.0215721,0.0215721,0.0215721,0.0215721,0.0,0.08628842,0.04314421,0.04314421,0.0215721,0.10786052,0.0215721,0.0215721,0.0,0.04314421,0.09982449,0.10200767
0.11028303,0.0,0.0,0.0,0.08271227,0.08271227,0.0,0.02757076,0.13785379,0.0,0.05514152,0.08271227,0.0,0.02757076,0.0,0.02757076,0.0,0.05514152,0.0,0.0,0.13668404,0.174047
0.01921383,0.05764148,0.02882074,0.03842765,0.06724839,0.0768553,0.03842765,0.01921383,0.0768553,0.01921383,0.00960691,0.0,0.02882074,0.04803456,0.02882074,0.00960691,0.03842765,0.05764148,0.0,0.02882074,0.14906813,0.15923415
0.01317904,0.07907425,0.01317904,0.0,0.03953712,0.13179041,0.03953712,0.05271617,0.06589521,0.01317904,0.01317904,0.05271617,0.06589521,0.03953712,0.03953712,0.01317904,0.01317904,0.0,0.0,0.03953712,0.15295924,0.12219348
0.020892,0.0,0.0,0.0,0.0,0.10446001,0.0,0.12535201,0.062676,0.062676,0.0,0.0,0.041784,0.0,0.08356801,0.020892,0.0,0.020892,0.020892,0.020892,0.18850557,0.2265184
0.05731571,0.0,0.0,0.0,0.0,0.08597357,0.0,0.08597357,0.08597357,0.11463142,0.0,0.0,0.02865786,0.05731571,0.05731571,0.02865786,0.05731571,0.05731571,0.02865786,0.0,0.11626736,0.1386284
0.05747161,0.0,0.0,0.0287358,0.08620741,0.11494321,0.0287358,0.05747161,0.11494321,0.0287358,0.0287358,0.0287358,0.0,0.0,0.0,0.05747161,0.0,0.0287358,0.0,0.0,0.1507939,0.18828262
0.07523676,0.03761838,0.03761838,0.0,0.01880919,0.09404595,0.0,0.01880919,0.11285514,0.09404595,0.0,0.0,0.0,0.03761838,0.0,0.03761838,0.05642757,0.07523676,0.0,0.0,0.13740279,0.16665716
0.14982124,0.04280607,0.02140303,0.02140303,0.0,0.04280607,0.0,0.04280607,0.1284182,0.0642091,0.02140303,0.02140303,0.0,0.0,0.0,0.0642091,0.04280607,0.04280607,0.0,0.0,0.12436518,0.1693347
0.05199089,0.15597267,0.0,0.02599544,0.0,0.07798633,0.0,0.10398178,0.05199089,0.0,0.0,0.02599544,0.05199089,0.0,0.02599544,0.10398178,0.0,0.05199089,0.02599544,0.02599544,0.11943643,0.10070023
0.06035371,0.0,0.0,0.03017685,0.03017685,0.06035371,0.06035371,0.03017685,0.09053056,0.12070741,0.0,0.0,0.06035371,0.0,0.0,0.03017685,0.0,0.15088427,0.0,0.0,0.11087962,0.1648759
0.08846063,0.0,0.0,0.02948688,0.05897375,0.11794751,0.02948688,0.02948688,0.11794751,0.05897375,0.0,0.0,0.0,0.0,0.0,0.08846063,0.02948688,0.02948688,0.0,0.0,0.13910235,0.18269948
0.08767688,0.0,0.0,0.0,0.02922563,0.11690251,0.0,0.0,0.08767688,0.14612813,0.0,0.08767688,0.02922563,0.02922563,0.0,0.02922563,0.0,0.08767688,0.0,0.0,0.11556838,0.15379096
0.06098778,0.0,0.0,0.03049389,0.0,0.06098778,0.09148167,0.03049389,0.03049389,0.15246946,0.0,0.0,0.06098778,0.0,0.0,0.06098778,0.0,0.18296335,0.0,0.0,0.09608858,0.14156413
0.0,0.15640659,0.0,0.02606777,0.02606777,0.10427106,0.0,0.05213553,0.0782033,0.02606777,0.0,0.02606777,0.0782033,0.0,0.0,0.05213553,0.10427106,0.0,0.0,0.05213553,0.10942142,0.10854562
0.0,0.16129945,0.0,0.02688324,0.02688324,0.13441621,0.0,0.02688324,0.0,0.02688324,0.0,0.05376648,0.08064973,0.0,0.02688324,0.08064973,0.10753297,0.02688324,0.02688324,0.0,0.10243433,0.09106842
0.21175073,0.0,0.0,0.0,0.0,0.04705572,0.0,0.02352786,0.14116715,0.02352786,0.0,0.02352786,0.0,0.0,0.0,0.04705572,0.04705572,0.09411144,0.02352786,0.0,0.14968674,0.16800535
0.19884387,0.0,0.0,0.02840627,0.0,0.11362507,0.0,0.05681253,0.0852188,0.0852188,0.0,0.02840627,0.0,0.0,0.0,0.02840627,0.02840627,0.02840627,0.02840627,0.0,0.12140385,0.16843949
0.25686573,0.0,0.0,0.02568657,0.0,0.10274629,0.0,0.05137315,0.10274629,0.07705972,0.0,0.0,0.0,0.05137315,0.0,0.02568657,0.02568657,0.0,0.02568657,0.0,0.12254276,0.13254663
0.2704845,0.0,0.0,0.0,0.03381056,0.13524225,0.0,0.06762113,0.10143169,0.03381056,0.03381056,0.0,0.0,0.0,0.0,0.0,0.06762113,0.0,0.0,0.0,0.13031353,0.12585408
0.03682339,0.03682339,0.0184117,0.02761754,0.0184117,0.04602924,0.0,0.02761754,0.09205848,0.08285263,0.0,0.03682339,0.05523509,0.03682339,0.02761754,0.03682339,0.03682339,0.09205848,0.0,0.0,0.15273439,0.13841531
0.0,0.0,0.0,0.0,0.09499025,0.04749513,0.02374756,0.02374756,0.16623294,0.11873781,0.0,0.0,0.04749513,0.0,0.07124269,0.02374756,0.0,0.02374756,0.0,0.0,0.17705907,0.18175674
0.0,0.0,0.0,0.08541646,0.02847215,0.08541646,0.0,0.0,0.14236077,0.05694431,0.05694431,0.05694431,0.0,0.0,0.05694431,0.08541646,0.0,0.02847215,0.0,0.0,0.17576064,0.14090766
0.04985236,0.14955708,0.0,0.02492618,0.02492618,0.09970472,0.0,0.02492618,0.09970472,0.02492618,0.0,0.02492618,0.07477854,0.0,0.0,0.09970472,0.02492618,0.0,0.0,0.04985236,0.12155998,0.10572844
0.0,0.15715128,0.0,0.02619188,0.0,0.05238376,0.0,0.05238376,0.07857564,0.02619188,0.0,0.02619188,0.05238376,0.0,0.0,0.1309594,0.02619188,0.10476752,0.02619188,0.02619188,0.10873974,0.10550388
0.10706957,0.0,0.0,0.0,0.02676739,0.08030218,0.02676739,0.02676739,0.08030218,0.16060436,0.0,0.0,0.05353479,0.05353479,0.02676739,0.05353479,0.0,0.02676739,0.0,0.0,0.12387312,0.15340726
0.10939038,0.0,0.05469519,0.0273476,0.0,0.10939038,0.0273476,0.13673798,0.10939038,0.05469519,0.0,0.0,0.0,0.0,0.0,0.0,0.0,0.05469519,0.0,0.0,0.14355048,0.17275962
0.05465595,0.0,0.02732798,0.0,0.02732798,0.13663988,0.0,0.05465595,0.1093119,0.08198393,0.0,0.02732798,0.02732798,0.0,0.0,0.02732798,0.02732798,0.05465595,0.02732798,0.0,0.13721215,0.17958846
0.11313861,0.0,0.0,0.0,0.05656931,0.14142327,0.0,0.05656931,0.08485396,0.05656931,0.0,0.0,0.02828465,0.05656931,0.0,0.08485396,0.0,0.0,0.02828465,0.0,0.15230648,0.14057719
0.03941618,0.05912427,0.01970809,0.05912427,0.00985405,0.08868641,0.02956214,0.03941618,0.09854046,0.02956214,0.05912427,0.04927023,0.00985405,0.02956214,0.00985405,0.01970809,0.03941618,0.01970809,0.00985405,0.01970809,0.12861194,0.13233464
0.02711476,0.0,0.0,0.0,0.02711476,0.08134429,0.0,0.08134429,0.08134429,0.10845905,0.02711476,0.0,0.08134429,0.05422953,0.02711476,0.0,0.02711476,0.0,0.02711476,0.0,0.15579143,0.19345427
0.0259438,0.0518876,0.04323967,0.03459173,0.01729587,0.03459173,0.0,0.0778314,0.08647933,0.0518876,0.01729587,0.00864793,0.0259438,0.04323967,0.04323967,0.03459173,0.0259438,0.03459173,0.00864793,0.00864793,0.1482134,0.17724782
0.0,0.10095185,0.01682531,0.0,0.01682531,0.11777715,0.03365062,0.01682531,0.05047592,0.03365062,0.0,0.01682531,0.01682531,0.0,0.08412654,0.0,0.01682531,0.01682531,0.03365062,0.06730123,0.20091901,0.1597193
0.01714114,0.10284684,0.01714114,0.0,0.05142342,0.06856456,0.03428228,0.01714114,0.0857057,0.01714114,0.0,0.01714114,0.01714114,0.01714114,0.0857057,0.01714114,0.01714114,0.01714114,0.0,0.05142342,0.14890395,0.19973272
0.0,0.0,0.0,0.0,0.0,0.0,0.05500218,0.05500218,0.05500218,0.05500218,0.0,0.0,0.11000435,0.05500218,0.05500218,0.05500218,0.0,0.0,0.11000435,0.05500218,0.13851368,0.20146021
0.02993968,0.0,0.0,0.0,0.02993968,0.1197587,0.1197587,0.08981903,0.02993968,0.14969838,0.0,0.0,0.0,0.0,0.05987935,0.0,0.0,0.05987935,0.0,0.0,0.13440475,0.17698271
0.03243491,0.0,0.03243491,0.0,0.03243491,0.09730473,0.0,0.06486982,0.16217456,0.03243491,0.03243491,0.0,0.03243491,0.0,0.0,0.0,0.0,0.09730473,0.03243491,0.0,0.19976286,0.15153891
0.02974715,0.0,0.0,0.02974715,0.05949431,0.02974715,0.02974715,0.0,0.08924146,0.14873577,0.02974715,0.02974715,0.05949431,0.0,0.0,0.02974715,0.05949431,0.08924146,0.0,0.0,0.13382856,0.15223976
0.03539227,0.04718969,0.02359485,0.00589871,0.02949356,0.01179742,0.02949356,0.04129098,0.02359485,0.02949356,0.02359485,0.1002781,0.07078454,0.07668325,0.04718969,0.03539227,0.07078454,0.0530884,0.01179742,0.02359485,0.09999873,0.10957391
0.0,0.0,0.0,0.0,0.12742047,0.01820292,0.0,0.01820292,0.20023217,0.01820292,0.0,0.01820292,0.03640585,0.0,0.0728117,0.01820292,0.01820292,0.0728117,0.0,0.0,0.18020232,0.20089824
0.03635661,0.0,0.0,0.0,0.10906983,0.0,0.03635661,0.03635661,0.25449626,0.07271322,0.0,0.0,0.0,0.0,0.0,0.03635661,0.0,0.0,0.03635661,0.0,0.20025259,0.18168506
0.07428458,0.0,0.04952306,0.01238076,0.03714229,0.07428458,0.0,0.0,0.08666535,0.01238076,0.02476153,0.03714229,0.06190382,0.08666535,0.03714229,0.01238076,0.0,0.01238076,0.02476153,0.03714229,0.15087628,0.16818171
0.03376036,0.04051243,0.02363225,0.06752072,0.02363225,0.05739261,0.01688018,0.02700829,0.01688018,0.04726451,0.00675207,0.02363225,0.03038433,0.03038433,0.06414469,0.05401658,0.04388847,0.04051243,0.02700829,0.02025622,0.14660326,0.15793329
0.06278523,0.0,0.0,0.0,0.02511409,0.05022818,0.02511409,0.03767114,0.02511409,0.02511409,0.0,0.0,0.02511409,0.01255705,0.12557046,0.03767114,0.0,0.05022818,0.01255705,0.06278523,0.19274448,0.2296314
0.0,0.0,0.03311338,0.04967007,0.06622676,0.03311338,0.0,0.04967007,0.09934015,0.06622676,0.0,0.01655669,0.01655669,0.01655669,0.08278346,0.03311338,0.01655669,0.03311338,0.0,0.0,0.16237341,0.22502902
0.0,0.0,0.0,0.0,0.0,0.05715937,0.0,0.05715937,0.05715937,0.34295621,0.0,0.05715937,0.05715937,0.0,0.0,0.05715937,0.0,0.05715937,0.0,0.0,0.09773747,0.15919075
0.07969397,0.03984699,0.01707728,0.02276971,0.0,0.03984699,0.06830912,0.03984699,0.06261669,0.04553941,0.01707728,0.03415456,0.01707728,0.03415456,0.06830912,0.03984699,0.02276971,0.05692427,0.00569243,0.01138485,0.13353064,0.14353117
0.0,0.0,0.0,0.0,0.0,0.11911149,0.0,0.0,0.07940766,0.27792682,0.0,0.07940766,0.0,0.0,0.0,0.07940766,0.03970383,0.03970383,0.0,0.0,0.1294208,0.15591024
0.42218951,0.0,0.0,0.04690995,0.0,0.04690995,0.0,0.0,0.0,0.04690995,0.0,0.0,0.09381989,0.09381989,0.0,0.0,0.0,0.09381989,0.0,0.0,0.07356528,0.0820557
0.02579967,0.154798,0.0,0.0,0.0,0.077399,0.0,0.0,0.05159933,0.02579967,0.02579967,0.02579967,0.077399,0.02579967,0.077399,0.05159933,0.05159933,0.05159933,0.0,0.0,0.14306224,0.13454711
0.03843142,0.03843142,0.03843142,0.03843142,0.0054902,0.03843142,0.0054902,0.01647061,0.03294122,0.07137263,0.01098041,0.01098041,0.03294122,0.04941182,0.08784324,0.03843142,0.05490203,0.03843142,0.0054902,0.02196081,0.15598124,0.16872385
0.0426284,0.0426284,0.0319713,0.0,0.0319713,0.01598565,0.02664275,0.0426284,0.00532855,0.03729985,0.00532855,0.07992825,0.0639426,0.0319713,0.0959139,0.02664275,0.04795695,0.04795695,0.0106571,0.0213142,0.1505235,0.14077932
0.07908735,0.0,0.0,0.0,0.0527249,0.0527249,0.02636245,0.02636245,0.07908735,0.13181226,0.02636245,0.0,0.0527249,0.0527249,0.02636245,0.07908735,0.02636245,0.0,0.0,0.0,0.12940519,0.15880861
0.12598662,0.06299331,0.0,0.0,0.04199554,0.06299331,0.0,0.02099777,0.12598662,0.10498885,0.0,0.02099777,0.0,0.04199554,0.0,0.06299331,0.0,0.0,0.0,0.02099777,0.1260026,0.18107098
0.0,0.0,0.0,0.0,0.0,0.0,0.0,0.1181676,0.0590838,0.2363352,0.0,0.0,0.0,0.0,0.0590838,0.1181676,0.0590838,0.0,0.0,0.0,0.12368228,0.22639592
0.03027266,0.04036355,0.03027266,0.01009089,0.04036355,0.03027266,0.02018177,0.06054532,0.09081798,0.06054532,0.01009089,0.05045443,0.02018177,0.02018177,0.03027266,0.03027266,0.04036355,0.05045443,0.01009089,0.02018177,0.14362235,0.16010645
0.0,0.16685363,0.02780894,0.02780894,0.0,0.08342681,0.0,0.08342681,0.02780894,0.02780894,0.0,0.02780894,0.05561788,0.0,0.0,0.08342681,0.05561788,0.08342681,0.0,0.05561788,0.09188652,0.10165428
0.02094946,0.02793261,0.02094946,0.02793261,0.00698315,0.02793261,0.0139663,0.04189891,0.15362935,0.04888207,0.0,0.02793261,0.02793261,0.06983152,0.03491576,0.06284837,0.04888207,0.04888207,0.00698315,0.0,0.13472829,0.14600701
0.0,0.0,0.0,0.0,0.02850868,0.0,0.0,0.1140347,0.08552603,0.05701735,0.05701735,0.0,0.0,0.1140347,0.02850868,0.02850868,0.05701735,0.08552603,0.02850868,0.02850868,0.17318624,0.11409688
0.07409155,0.05927324,0.01481831,0.07409155,0.0,0.07409155,0.01481831,0.02963662,0.01481831,0.04445493,0.02963662,0.01481831,0.07409155,0.02963662,0.05927324,0.04445493,0.04445493,0.04445493,0.0,0.01481831,0.14061652,0.10364966
0.03659937,0.03659937,0.0,0.05489906,0.00914984,0.00914984,0.0,0.06404891,0.09149844,0.05489906,0.00914984,0.03659937,0.06404891,0.01829969,0.06404891,0.08234859,0.02744953,0.04574922,0.0,0.0,0.14382252,0.15163952
0.0,0.10141756,0.03380585,0.01690293,0.03380585,0.08451463,0.03380585,0.01690293,0.15212634,0.01690293,0.01690293,0.0,0.05070878,0.01690293,0.03380585,0.05070878,0.0,0.0,0.03380585,0.01690293,0.1593867,0.13069036
0.02334447,0.0,0.04668895,0.04668895,0.07003342,0.02334447,0.04668895,0.04668895,0.11672237,0.02334447,0.0,0.04668895,0.16341132,0.0,0.0,0.0,0.0,0.0,0.02334447,0.04668895,0.12415753,0.15216376
0.03636046,0.0,0.03636046,0.21816274,0.07272091,0.0,0.0,0.0,0.0,0.03636046,0.0,0.07272091,0.03636046,0.0,0.07272091,0.03636046,0.03636046,0.0,0.0,0.03636046,0.14814457,0.16100675
0.07415838,0.01483168,0.05932671,0.07415838,0.02966335,0.07415838,0.0,0.02966335,0.04449503,0.05932671,0.01483168,0.04449503,0.02966335,0.0,0.02966335,0.04449503,0.02966335,0.04449503,0.0,0.02966335,0.11884609,0.15440175
0.05402233,0.01800744,0.05402233,0.10804466,0.03601489,0.01800744,0.0,0.01800744,0.05402233,0.05402233,0.0,0.05402233,0.03601489,0.0,0.05402233,0.01800744,0.03601489,0.03601489,0.0,0.01800744,0.14472865,0.18899594
0.04598571,0.02299286,0.06897857,0.13795714,0.04598571,0.02299286,0.0,0.02299286,0.02299286,0.06897857,0.0,0.04598571,0.02299286,0.0,0.04598571,0.02299286,0.06897857,0.0,0.0,0.02299286,0.13480918,0.17540511
0.05557822,0.01852607,0.05557822,0.11115644,0.05557822,0.03705215,0.01852607,0.03705215,0.03705215,0.05557822,0.0,0.05557822,0.03705215,0.0,0.03705215,0.01852607,0.03705215,0.05557822,0.0,0.0,0.1156901,0.16179301
0.02955553,0.01477776,0.05911106,0.08127771,0.03694441,0.02216665,0.02216665,0.05172218,0.05172218,0.08127771,0.0,0.02216665,0.02216665,0.03694441,0.03694441,0.08127771,0.0,0.00738888,0.00738888,0.03694441,0.13304262,0.16501356
0.01084622,0.0,0.01084622,0.0650773,0.02169243,0.03253865,0.02169243,0.05423108,0.09761595,0.04338487,0.01084622,0.03253865,0.05423108,0.02169243,0.05423108,0.0,0.01084622,0.05423108,0.01084622,0.04338487,0.16590075,0.18332624
0.03657892,0.03657892,0.14631569,0.18289461,0.10973676,0.0,0.0,0.03657892,0.03657892,0.0,0.0,0.03657892,0.03657892,0.0,0.0,0.0,0.0,0.0,0.0,0.07315784,0.12363624,0.14478533
0.03761135,0.11283405,0.18805674,0.1504454,0.03761135,0.03761135,0.0,0.0,0.03761135,0.03761135,0.0,0.03761135,0.03761135,0.0,0.0,0.0,0.0,0.0,0.0,0.03761135,0.10303926,0.14473376
0.04014158,0.00802832,0.04816989,0.08028316,0.03211326,0.02408495,0.02408495,0.04816989,0.06422652,0.04816989,0.01605663,0.03211326,0.04816989,0.02408495,0.02408495,0.04816989,0.03211326,0.01605663,0.00802832,0.04014158,0.13177217,0.16173607
0.03616097,0.0,0.07232193,0.18080483,0.07232193,0.0,0.0,0.0,0.0,0.07232193,0.0,0.1084829,0.03616097,0.0,0.07232193,0.0,0.0,0.0,0.0,0.03616097,0.13541411,0.17752753
0.10318583,0.0,0.02948167,0.07370416,0.02948167,0.05896333,0.0,0.02948167,0.05896333,0.05896333,0.01474083,0.05896333,0.02948167,0.0,0.02948167,0.02948167,0.02948167,0.05896333,0.0,0.02948167,0.1293095,0.14838968
0.0,0.0,0.0,0.0,0.0,0.28717341,0.22973873,0.0,0.0,0.0,0.0,0.0,0.0,0.05743468,0.0,0.05743468,0.0,0.11486937,0.0,0.0,0.14179813,0.111551
0.0,0.44273167,0.0,0.0,0.0,0.07378861,0.0,0.0,0.0,0.0,0.0,0.07378861,0.0,0.0,0.0,0.14757722,0.0,0.14757722,0.0,0.0,0.05303711,0.06149956
0.03881361,0.07762722,0.03881361,0.0,0.07762722,0.03881361,0.0,0.03881361,0.0,0.15525445,0.03881361,0.0,0.0,0.0,0.03881361,0.0,0.07762722,0.11644084,0.0,0.0,0.13666051,0.12588086
0.02698155,0.08094464,0.05396309,0.0,0.04047232,0.10792618,0.01349077,0.01349077,0.06745386,0.04047232,0.01349077,0.0,0.05396309,0.01349077,0.02698155,0.0,0.01349077,0.02698155,0.02698155,0.05396309,0.16827812,0.15718324
0.02121163,0.04242325,0.0,0.04242325,0.0,0.12726975,0.0,0.02121163,0.06363488,0.10605813,0.04242325,0.02121163,0.02121163,0.02121163,0.02121163,0.06363488,0.02121163,0.02121163,0.0,0.04242325,0.14174479,0.15827157
0.08600052,0.0,0.04300026,0.04300026,0.02150013,0.10750065,0.02150013,0.08600052,0.10750065,0.04300026,0.02150013,0.04300026,0.0,0.02150013,0.0,0.0,0.0,0.04300026,0.0,0.0,0.13184623,0.18014961
0.10634345,0.0,0.04253738,0.04253738,0.02126869,0.04253738,0.02126869,0.14888083,0.10634345,0.04253738,0.04253738,0.02126869,0.04253738,0.02126869,0.0,0.0,0.0,0.02126869,0.0,0.0,0.11713246,0.15973211
0.24623354,0.0,0.0,0.0,0.0,0.10552866,0.0,0.03517622,0.07035244,0.10552866,0.0,0.03517622,0.0,0.0,0.0,0.03517622,0.03517622,0.03517622,0.03517622,0.0,0.11579452,0.14550484
0.16523726,0.0,0.0,0.0,0.08261863,0.0,0.04130931,0.08261863,0.04130931,0.12392794,0.0,0.04130931,0.04130931,0.0,0.0,0.08261863,0.04130931,0.04130931,0.0,0.0,0.09015184,0.12497119
0.02593297,0.15559782,0.0,0.02593297,0.0,0.07779891,0.0,0.07779891,0.05186594,0.02593297,0.0,0.02593297,0.05186594,0.0,0.02593297,0.10373188,0.02593297,0.05186594,0.02593297,0.02593297,0.11872266,0.10328824
0.0,0.16441446,0.0,0.02740241,0.0,0.10960964,0.0,0.02740241,0.02740241,0.05480482,0.0,0.02740241,0.05480482,0.02740241,0.02740241,0.02740241,0.13701205,0.02740241,0.02740241,0.02740241,0.10844207,0.09688802
0.04952779,0.0440247,0.00550309,0.00550309,0.03301852,0.08254631,0.01650926,0.01100617,0.01100617,0.02201235,0.00550309,0.02751544,0.01100617,0.0440247,0.09905557,0.02751544,0.03301852,0.06053396,0.03852161,0.02751544,0.18069338,0.16443922
0.03897934,0.05568477,0.01113695,0.00556848,0.03341086,0.08352715,0.01670543,0.03341086,0.02227391,0.02784238,0.0,0.01670543,0.01670543,0.03341086,0.08352715,0.05011629,0.02227391,0.04454782,0.03341086,0.02227391,0.17257462,0.17591359
0.03257776,0.04343701,0.00542963,0.00542963,0.03800739,0.09230365,0.01085925,0.03800739,0.01628888,0.02714813,0.0,0.02171851,0.01628888,0.02714813,0.10316291,0.04343701,0.02171851,0.03800739,0.03257776,0.02171851,0.17564081,0.18909286
0.17309337,0.11539558,0.0,0.0,0.0,0.0,0.05769779,0.0,0.0,0.17309337,0.0,0.0,0.11539558,0.0,0.05769779,0.0,0.0,0.11539558,0.0,0.0,0.08567654,0.10655439
0.08901575,0.0,0.01780315,0.01780315,0.01780315,0.08901575,0.0,0.08901575,0.12462205,0.01780315,0.0,0.01780315,0.01780315,0.05340945,0.01780315,0.0,0.01780315,0.0712126,0.01780315,0.0,0.16126213,0.16221815
0.22992661,0.0,0.0,0.0,0.0,0.0255474,0.0,0.0,0.1021896,0.1532844,0.0255474,0.0510948,0.0,0.0,0.0,0.0,0.0255474,0.0766422,0.0255474,0.0,0.11521149,0.16946129
0.25894361,0.08631454,0.08631454,0.0,0.0,0.17262907,0.17262907,0.0,0.0,0.0,0.0,0.0,0.0,0.0,0.0,0.0,0.0,0.0,0.0,0.0,0.08815671,0.13501246
0.2941578,0.0980526,0.0980526,0.0,0.0,0.0980526,0.1961052,0.0,0.0,0.0,0.0,0.0,0.0,0.0,0.0,0.0,0.0,0.0,0.0,0.0,0.09348971,0.12208949
0.3201945,0.07115433,0.1067315,0.0,0.0,0.07115433,0.213463,0.0,0.0,0.0,0.0,0.0,0.0,0.0,0.0,0.0,0.0,0.0,0.0,0.0,0.09608595,0.12121639
0.08072957,0.0,0.03229183,0.0,0.01614591,0.08072957,0.0,0.06458366,0.03229183,0.04843774,0.01614591,0.0,0.03229183,0.03229183,0.1130214,0.0,0.0,0.04843774,0.0,0.01614591,0.18574702,0.20070826
0.0,0.0,0.0,0.0,0.0,0.11857889,0.0,0.11857889,0.0,0.11857889,0.0,0.0,0.0,0.11857889,0.11857889,0.0,0.0,0.0,0.0,0.0,0.18055069,0.22655485
0.08125557,0.09028397,0.03611359,0.02708519,0.03611359,0.06319878,0.0,0.03611359,0.04514199,0.04514199,0.01805679,0.01805679,0.0090284,0.01805679,0.04514199,0.03611359,0.04514199,0.04514199,0.0,0.03611359,0.13752816,0.13117168
0.13520644,0.0,0.0169008,0.0169008,0.03380161,0.05070241,0.05070241,0.03380161,0.10140483,0.0169008,0.0,0.0169008,0.0,0.0,0.03380161,0.03380161,0.06760322,0.10140483,0.0,0.0,0.12321768,0.16694853
0.0,0.0,0.0,0.0,0.0,0.05473498,0.0,0.0,0.10946996,0.05473498,0.05473498,0.0,0.0,0.05473498,0.16420494,0.0,0.0,0.0,0.10946996,0.0,0.22446885,0.17344636
0.12839727,0.0,0.0,0.0,0.0,0.05135891,0.0,0.02567945,0.17975618,0.07703836,0.05135891,0.0,0.02567945,0.0,0.0,0.05135891,0.0,0.10271782,0.0,0.0,0.14295019,0.16370455
0.12377948,0.0,0.0,0.0,0.0,0.04951179,0.0,0.0,0.22280306,0.07426769,0.04951179,0.0,0.0,0.0247559,0.0,0.0247559,0.0,0.09902358,0.0,0.0,0.14134678,0.19024405
0.12162581,0.0,0.0,0.0,0.0,0.04865033,0.0,0.0,0.1946013,0.09730065,0.02432516,0.0,0.0,0.02432516,0.0,0.02432516,0.0,0.12162581,0.0,0.0,0.14842877,0.19479184
0.06962144,0.0,0.0,0.0,0.02320715,0.06962144,0.0,0.02320715,0.20886433,0.0464143,0.02320715,0.0,0.0,0.02320715,0.0,0.02320715,0.0,0.11603574,0.0,0.0,0.16966186,0.20374515
0.03900068,0.0,0.01950034,0.0,0.03900068,0.05850102,0.0,0.03900068,0.19500339,0.05850102,0.0,0.0,0.01950034,0.01950034,0.0,0.01950034,0.0,0.11700203,0.0,0.0,0.18521843,0.19077072
0.07756279,0.0,0.0,0.0,0.0,0.0,0.07756279,0.11634419,0.07756279,0.11634419,0.0,0.0,0.0,0.0387814,0.15512559,0.0387814,0.0,0.0,0.0,0.0,0.14533949,0.15659536
0.16452395,0.0,0.0,0.0,0.0,0.06580958,0.0,0.06580958,0.13161916,0.19742874,0.0,0.03290479,0.0,0.0,0.0,0.0,0.0,0.0,0.0,0.03290479,0.14686849,0.16213092
0.0,0.0,0.0,0.0,0.21573786,0.0,0.0,0.0,0.07191262,0.07191262,0.0,0.07191262,0.07191262,0.07191262,0.0,0.0,0.0,0.07191262,0.0,0.07191262,0.15040364,0.13047017
0.0,0.0,0.0,0.0,0.13774211,0.0,0.0,0.0,0.06887105,0.06887105,0.0,0.06887105,0.06887105,0.06887105,0.0,0.0,0.0,0.06887105,0.06887105,0.06887105,0.16662382,0.14466565
0.0,0.0,0.0,0.0,0.06641432,0.0,0.0,0.0,0.06641432,0.06641432,0.0,0.06641432,0.06641432,0.06641432,0.0,0.0,0.0,0.06641432,0.13282865,0.06641432,0.16758474,0.16827203
0.0,0.0,0.0,0.0,0.08651311,0.01730262,0.0,0.01730262,0.0,0.03460524,0.0,0.0,0.32874982,0.0,0.17302622,0.0,0.0,0.0,0.0,0.01730262,0.17408685,0.1511109
0.0,0.15031045,0.0,0.0,0.0,0.0,0.0,0.0,0.07515522,0.0,0.0,0.0,0.0,0.0,0.15031045,0.0,0.0,0.0,0.15031045,0.07515522,0.25838595,0.14037226
0.0,0.21989541,0.0,0.0,0.0,0.0,0.0,0.0,0.10994771,0.0,0.0,0.0,0.0,0.0,0.10994771,0.0,0.0,0.0,0.10994771,0.10994771,0.19366937,0.1466444
0.0,0.32883783,0.0,0.0,0.0,0.0,0.0,0.0,0.21922522,0.0,0.0,0.0,0.0,0.0,0.10961261,0.0,0.0,0.0,0.0,0.0,0.20437139,0.13795295
0.02637413,0.07912239,0.03956119,0.01318706,0.01318706,0.09230945,0.03956119,0.03956119,0.02637413,0.01318706,0.0,0.02637413,0.02637413,0.03956119,0.09230945,0.02637413,0.02637413,0.03956119,0.0,0.02637413,0.14845388,0.16581875
0.03275792,0.0,0.0,0.0,0.03275792,0.03275792,0.0,0.0,0.22930546,0.16378961,0.0,0.0,0.0,0.0,0.03275792,0.03275792,0.0,0.0,0.0,0.03275792,0.16102677,0.24933062
0.0,0.11824169,0.01970695,0.01970695,0.0,0.05912085,0.01970695,0.0,0.0394139,0.0788278,0.0394139,0.01970695,0.0,0.0,0.15765559,0.0,0.05912085,0.01970695,0.0,0.0394139,0.15523888,0.15501791
0.05515354,0.0,0.0,0.0,0.16546063,0.05515354,0.05515354,0.0,0.11030709,0.0,0.0,0.0,0.0,0.0,0.05515354,0.0,0.0,0.0,0.05515354,0.0,0.19158094,0.25688361
0.17723239,0.0,0.0,0.17723239,0.0,0.05907746,0.05907746,0.0,0.17723239,0.0,0.0,0.0,0.05907746,0.0,0.0,0.05907746,0.0,0.0,0.0,0.0,0.11733931,0.11465367
0.0798871,0.0,0.05325807,0.0,0.0,0.05325807,0.05325807,0.0,0.0,0.10651614,0.0,0.02662903,0.23966131,0.02662903,0.02662903,0.05325807,0.02662903,0.05325807,0.0,0.0,0.09479018,0.10633877
0.13619114,0.0,0.0,0.0,0.0,0.0,0.0,0.0,0.21790582,0.29962051,0.0,0.0,0.0,0.0,0.0,0.0,0.0,0.0,0.02723823,0.0,0.12926866,0.18977564
0.21980859,0.0,0.0,0.0,0.0,0.0,0.0,0.0,0.21980859,0.21980859,0.0,0.0,0.0,0.0,0.0,0.0,0.0,0.0,0.02747607,0.0,0.12783358,0.18526459
0.13114973,0.0,0.0,0.0,0.0,0.0,0.07868984,0.0,0.20983957,0.20983957,0.0,0.0,0.0,0.0,0.0,0.0,0.0,0.0,0.02622995,0.0,0.14411552,0.20013582
0.18644762,0.0,0.0,0.0,0.0,0.0,0.05327075,0.0,0.21308299,0.15981225,0.0,0.0,0.02663537,0.0,0.0,0.0,0.0,0.0,0.02663537,0.0,0.13508648,0.19902917
0.18438447,0.0,0.0,0.0,0.0,0.0,0.05268128,0.0,0.21072511,0.15804383,0.0,0.0,0.02634064,0.0,0.0,0.0,0.0,0.0,0.02634064,0.0,0.13958819,0.20189584
0.18178801,0.0,0.0,0.0,0.0,0.0,0.05193943,0.0,0.20775772,0.15581829,0.0,0.0,0.02596972,0.0,0.0,0.0,0.0,0.0,0.02596972,0.0,0.15004472,0.2007124
0.02558334,0.0,0.0,0.02558334,0.02558334,0.10233336,0.0,0.05116668,0.15350004,0.10233336,0.0,0.0,0.0,0.02558334,0.0,0.0,0.05116668,0.07675002,0.02558334,0.0,0.17042027,0.16441289
0.05393383,0.0,0.0,0.0,0.02696692,0.08090075,0.0,0.08090075,0.13483458,0.13483458,0.0,0.0,0.02696692,0.0,0.0,0.02696692,0.05393383,0.05393383,0.02696692,0.0,0.15117538,0.14768478
0.020892,0.0,0.0,0.0,0.0,0.10446001,0.0,0.12535201,0.062676,0.062676,0.0,0.0,0.041784,0.0,0.08356801,0.020892,0.0,0.020892,0.020892,0.020892,0.18850557,0.2265184
0.0,0.0,0.0,0.0,0.0,0.0,0.0,0.08693025,0.0,0.06519769,0.0,0.0,0.23905818,0.04346512,0.15212793,0.0,0.0,0.0,0.04346512,0.0,0.16478532,0.20497038
0.0,0.0,0.0,0.0,0.0,0.0,0.0,0.0477929,0.0477929,0.0477929,0.0,0.0,0.1433787,0.0,0.0955858,0.0,0.0,0.0,0.23896449,0.0,0.22261851,0.15607381
0.10545152,0.0,0.0,0.0,0.05272576,0.10545152,0.07908864,0.0,0.10545152,0.05272576,0.0,0.0,0.0,0.0,0.0,0.02636288,0.02636288,0.05272576,0.02636288,0.02636288,0.14749152,0.19343648
0.07868077,0.0,0.0,0.0,0.02622692,0.0,0.0,0.05245384,0.18358845,0.05245384,0.0,0.0,0.02622692,0.0,0.0,0.10490769,0.07868077,0.05245384,0.02622692,0.0,0.13457187,0.18352817
0.0,0.0,0.0,0.0,0.0,0.05817394,0.0,0.05817394,0.0,0.11634788,0.0,0.0,0.0,0.0,0.23269576,0.0,0.0,0.0,0.0,0.05817394,0.23313716,0.24329738
0.0,0.0,0.0,0.0,0.0,0.05762399,0.0,0.05762399,0.0,0.11524797,0.0,0.0,0.0,0.0,0.28811993,0.0,0.0,0.0,0.0,0.0,0.31620053,0.1651836
0.15033798,0.0,0.0,0.0,0.0,0.0,0.0,0.07516899,0.0,0.15033798,0.0,0.0,0.0,0.0,0.22550696,0.0,0.0,0.0,0.0,0.07516899,0.11566929,0.20780982
0.0,0.0,0.0,0.0,0.0,0.05678015,0.0,0.05678015,0.0,0.17034045,0.0,0.0,0.0,0.0,0.22712061,0.0,0.0,0.0,0.0,0.0,0.20906352,0.27991511
0.24215347,0.0,0.0,0.0,0.08071782,0.08071782,0.08071782,0.0,0.08071782,0.0,0.0,0.08071782,0.0,0.0,0.0,0.08071782,0.0,0.0,0.0,0.0,0.15170975,0.12182983
0.04940695,0.0,0.04940695,0.0,0.02470347,0.0,0.02470347,0.02470347,0.07411042,0.07411042,0.02470347,0.07411042,0.0,0.02470347,0.04940695,0.04940695,0.04940695,0.04940695,0.0,0.04940695,0.14120299,0.16709978
0.02900891,0.02900891,0.04351336,0.0,0.02900891,0.07252227,0.01450445,0.02900891,0.05801781,0.02900891,0.02900891,0.04351336,0.02900891,0.08702672,0.05801781,0.05801781,0.04351336,0.0,0.0,0.04351336,0.139358,0.13541932
0.0,0.0,0.0,0.04760708,0.04760708,0.04760708,0.04760708,0.0,0.04760708,0.0,0.04760708,0.0,0.04760708,0.0,0.04760708,0.09521417,0.0,0.04760708,0.04760708,0.04760708,0.21087733,0.17023058
0.03535447,0.0,0.07070893,0.0530317,0.03535447,0.0,0.01767723,0.0530317,0.0,0.12374063,0.0,0.01767723,0.03535447,0.0530317,0.08838617,0.0530317,0.0530317,0.01767723,0.0,0.0,0.15115618,0.14175448
0.06816884,0.0,0.01704221,0.10225327,0.01704221,0.0,0.03408442,0.05112663,0.01704221,0.11929548,0.03408442,0.01704221,0.03408442,0.05112663,0.05112663,0.05112663,0.01704221,0.01704221,0.0,0.0,0.14338227,0.15788709
0.05549243,0.0,0.0,0.05549243,0.02774622,0.02774622,0.02774622,0.0,0.11098487,0.08323865,0.0,0.0,0.11098487,0.11098487,0.05549243,0.11098487,0.0,0.0,0.0,0.0,0.10896755,0.11413839
0.07795808,0.0,0.03897904,0.0,0.03897904,0.07795808,0.0,0.03897904,0.0,0.1948952,0.0,0.0,0.0,0.03897904,0.03897904,0.07795808,0.0,0.03897904,0.03897904,0.0,0.14066242,0.15771485
0.10822113,0.0,0.0,0.0,0.03607371,0.07214742,0.03607371,0.03607371,0.03607371,0.21644226,0.03607371,0.03607371,0.0,0.03607371,0.03607371,0.03607371,0.03607371,0.0,0.0,0.0,0.13091791,0.11153418
0.03805274,0.0,0.0,0.0,0.0,0.1902637,0.0,0.11415822,0.07610548,0.1902637,0.0,0.0,0.03805274,0.0,0.0,0.03805274,0.0,0.07610548,0.0,0.0,0.09695464,0.14199056
0.04068564,0.0,0.02034282,0.08137127,0.0,0.02034282,0.02034282,0.02034282,0.04068564,0.06102845,0.02034282,0.04068564,0.10171409,0.02034282,0.06102845,0.04068564,0.04068564,0.02034282,0.0,0.08137127,0.12658208,0.14107646
0.0414789,0.12443669,0.02073945,0.0,0.02073945,0.0829578,0.02073945,0.0414789,0.0829578,0.02073945,0.0,0.02073945,0.02073945,0.0414789,0.02073945,0.06221835,0.0414789,0.02073945,0.0,0.06221835,0.13293003,0.12044981
0.01840946,0.11045678,0.01840946,0.0,0.01840946,0.11045678,0.01840946,0.05522839,0.09204731,0.03681893,0.0,0.0,0.09204731,0.01840946,0.03681893,0.01840946,0.05522839,0.03681893,0.0,0.01840946,0.10773347,0.13747856
0.0,0.0,0.0,0.0,0.05142017,0.0,0.0,0.0,0.2056807,0.15426052,0.0,0.0,0.05142017,0.0,0.0,0.05142017,0.05142017,0.0,0.05142017,0.0,0.18793868,0.19501924
0.06840895,0.0,0.0,0.02280298,0.02280298,0.02280298,0.0,0.02280298,0.06840895,0.13681791,0.0,0.04560597,0.02280298,0.0,0.04560597,0.06840895,0.02280298,0.0,0.02280298,0.02280298,0.16430005,0.22001937
0.25656513,0.0,0.0,0.0,0.0,0.09621192,0.0,0.06414128,0.12828257,0.06414128,0.03207064,0.0,0.0,0.0,0.0,0.03207064,0.0,0.03207064,0.0,0.0,0.14797486,0.14647103
0.23430393,0.0,0.0,0.0,0.0,0.0,0.11715196,0.0,0.11715196,0.29287991,0.0,0.0,0.0,0.0,0.0,0.0,0.0,0.0,0.0,0.0,0.11031186,0.12820038
0.22196104,0.0,0.0,0.0,0.0,0.0,0.11098052,0.0,0.11098052,0.2774513,0.0,0.0,0.0,0.0,0.0,0.0,0.0,0.0,0.0,0.0,0.12354856,0.15507805
0.15570778,0.0,0.0,0.0,0.0,0.0,0.10380519,0.0,0.20761038,0.20761038,0.0,0.0,0.0,0.0,0.0,0.0,0.0,0.0,0.0,0.0,0.13888242,0.18638385
0.30538403,0.0,0.0,0.0,0.0,0.03393156,0.0,0.0,0.13572624,0.30538403,0.0,0.0,0.0,0.0,0.0,0.0,0.0,0.0,0.0,0.0,0.12484307,0.09473106
0.14644305,0.14644305,0.0,0.0,0.0,0.0,0.0,0.14644305,0.0,0.0,0.0,0.0,0.0,0.0,0.0,0.14644305,0.14644305,0.14644305,0.0,0.0,0.0904034,0.03093829
0.0,0.27025468,0.0,0.0,0.13512734,0.13512734,0.0,0.0,0.0,0.0,0.13512734,0.0,0.0,0.0,0.0,0.0,0.13512734,0.0,0.0,0.0,0.06654103,0.12269495
0.0,0.28771597,0.0,0.0,0.0,0.14385798,0.0,0.28771597,0.0,0.0,0.0,0.0,0.0,0.0,0.0,0.0,0.14385798,0.0,0.0,0.0,0.0611195,0.0757326
0.04623403,0.0,0.0,0.0,0.0,0.0,0.0,0.09246805,0.0,0.04623403,0.0,0.0,0.0,0.0,0.18493611,0.0,0.0,0.13870208,0.04623403,0.0,0.22912693,0.21606474
0.08470986,0.0,0.0,0.03388394,0.01694197,0.08470986,0.0,0.06776789,0.11859381,0.03388394,0.01694197,0.03388394,0.03388394,0.0,0.03388394,0.0,0.0,0.06776789,0.01694197,0.0,0.17546724,0.1807378
0.0,0.0,0.0,0.0,0.0870053,0.0870053,0.0,0.04350265,0.2610159,0.04350265,0.0,0.0,0.0,0.0,0.0,0.0,0.0,0.04350265,0.04350265,0.0,0.19741734,0.19354556
0.0,0.0,0.0,0.0,0.09282957,0.04641478,0.0,0.04641478,0.18565914,0.04641478,0.0,0.0,0.09282957,0.0,0.0,0.0,0.0,0.04641478,0.09282957,0.0,0.19055673,0.15963628
0.0,0.0,0.0,0.0,0.18329876,0.04582469,0.0,0.04582469,0.09164938,0.04582469,0.0,0.0,0.09164938,0.0,0.09164938,0.0,0.0,0.04582469,0.0,0.0,0.17545024,0.18300411
0.0,0.0,0.0,0.0,0.0,0.03933608,0.03933608,0.03933608,0.0,0.03933608,0.0,0.07867216,0.23601649,0.03933608,0.11800825,0.0,0.0,0.03933608,0.0,0.03933608,0.15723835,0.13471217
0.09824028,0.0,0.01637338,0.0,0.03274676,0.04912014,0.01637338,0.0818669,0.14736042,0.03274676,0.0,0.04912014,0.03274676,0.0,0.03274676,0.01637338,0.03274676,0.04912014,0.0,0.0,0.15798078,0.15433726
0.07691896,0.0,0.0,0.0,0.0512793,0.0,0.02563965,0.02563965,0.15383791,0.07691896,0.0,0.0,0.0,0.0,0.0,0.10255861,0.07691896,0.0512793,0.02563965,0.0,0.15887886,0.17449019
0.0,0.13643101,0.0,0.01949014,0.01949014,0.09745072,0.01949014,0.01949014,0.03898029,0.05847043,0.0,0.0,0.01949014,0.0,0.13643101,0.0,0.03898029,0.01949014,0.0,0.03898029,0.17091507,0.16642001
0.14472232,0.0,0.0,0.02894446,0.08683339,0.05788893,0.02894446,0.05788893,0.11577786,0.02894446,0.02894446,0.02894446,0.0,0.0,0.0,0.02894446,0.0,0.02894446,0.0,0.0,0.14704523,0.18723208
0.04018293,0.1205488,0.0,0.04018293,0.0,0.0602744,0.0,0.02009147,0.0,0.0602744,0.0,0.0,0.0,0.0,0.1205488,0.0602744,0.0602744,0.02009147,0.0,0.04018293,0.17131362,0.18575945
0.02822815,0.0,0.02822815,0.02822815,0.02822815,0.0564563,0.19759704,0.0,0.1129126,0.0,0.0,0.0,0.0,0.0,0.08468445,0.0564563,0.0,0.0,0.0,0.0564563,0.14662221,0.17590222
0.0,0.0,0.0,0.0,0.08393333,0.0,0.0,0.0,0.16786665,0.16786665,0.0,0.0,0.0,0.0,0.08393333,0.04196666,0.0,0.0,0.0,0.04196666,0.16733837,0.24512835
0.02837237,0.0,0.0,0.02837237,0.0851171,0.05674474,0.02837237,0.14186184,0.11348947,0.02837237,0.02837237,0.02837237,0.0,0.0,0.0,0.02837237,0.0,0.02837237,0.02837237,0.0,0.15518735,0.19224819
0.02787424,0.0,0.0,0.02787424,0.08362271,0.05574847,0.02787424,0.13937118,0.11149695,0.02787424,0.02787424,0.02787424,0.0,0.0,0.0,0.02787424,0.0,0.02787424,0.02787424,0.0,0.16169992,0.19719264
0.05481099,0.0,0.0,0.0,0.08221649,0.08221649,0.0,0.05481099,0.24664946,0.05481099,0.0,0.0,0.0,0.0,0.0,0.0,0.0,0.0274055,0.0,0.0,0.17754767,0.21953144
0.0,0.0,0.0,0.0,0.0,0.0,0.0,0.0,0.0,0.0,0.0,0.0,0.08478542,0.0,0.5087125,0.0,0.0,0.08478542,0.0,0.0,0.17110537,0.15061131
0.0,0.0,0.0,0.0,0.0,0.09454115,0.0,0.0,0.0,0.0,0.0,0.0,0.0,0.0,0.47270575,0.04727058,0.0,0.04727058,0.0,0.0,0.10395791,0.23425404
0.02992009,0.0,0.0,0.0,0.0,0.08976026,0.02992009,0.02992009,0.08976026,0.05984017,0.0,0.0,0.0,0.0,0.11968034,0.0,0.02992009,0.02992009,0.0,0.02992009,0.1862802,0.27515827
0.0,0.0,0.0,0.0,0.0,0.06277511,0.03138756,0.15693778,0.12555023,0.03138756,0.0,0.03138756,0.0,0.0,0.09416267,0.0,0.0,0.0,0.0,0.03138756,0.16257207,0.27245191
0.0,0.13469783,0.0,0.0,0.03367446,0.10102337,0.0,0.0,0.0,0.03367446,0.0,0.0,0.0,0.0,0.20204675,0.0,0.0,0.06734892,0.0,0.03367446,0.18057037,0.21328939
0.10996751,0.0,0.0,0.0,0.0,0.05498376,0.0,0.0,0.0,0.21993503,0.0,0.0,0.0,0.0,0.0,0.0,0.0,0.21993503,0.21993503,0.0,0.13015971,0.04508393
0.11739197,0.0,0.0,0.0,0.0,0.0,0.03913066,0.0,0.15652262,0.11739197,0.0,0.0,0.0,0.0,0.07826131,0.0,0.0,0.0,0.03913066,0.0,0.21826694,0.23390388
0.0,0.0,0.0,0.0,0.27023689,0.0,0.0,0.05404738,0.05404738,0.05404738,0.0,0.0,0.16214213,0.0,0.10809476,0.0,0.0,0.0,0.0,0.0,0.16474021,0.13264388
0.0,0.0,0.0,0.0,0.0,0.06249992,0.0,0.06249992,0.12499985,0.2499997,0.0,0.0,0.0,0.0,0.06249992,0.0,0.06249992,0.0,0.0,0.0,0.16035675,0.21464401
0.0,0.02183549,0.02183549,0.0,0.02183549,0.04367099,0.0,0.08734197,0.13101296,0.06550648,0.02183549,0.0,0.0,0.0,0.08734197,0.02183549,0.04367099,0.02183549,0.0,0.0,0.1587094,0.25173228
0.11125431,0.27813578,0.0,0.0,0.0,0.0,0.0,0.11125431,0.0,0.0,0.0,0.0,0.0,0.0,0.0,0.27813578,0.16688147,0.0,0.0,0.0,0.02698623,0.02735211
0.0,0.0,0.23704679,0.0,0.11852339,0.0,0.0,0.0,0.0,0.0,0.11852339,0.23704679,0.0,0.0,0.0,0.11852339,0.0,0.0,0.0,0.0,0.06112594,0.1092103
0.0,0.14362707,0.0,0.0,0.03590677,0.03590677,0.0,0.03590677,0.03590677,0.0,0.0,0.0,0.0,0.0,0.14362707,0.0,0.0,0.03590677,0.03590677,0.07181353,0.21379023,0.21170151
0.0,0.0,0.0,0.0,0.15483898,0.09290339,0.12387118,0.06193559,0.0309678,0.0309678,0.0,0.0309678,0.0,0.0309678,0.0,0.0309678,0.0,0.12387118,0.0,0.0,0.13548521,0.15225549
0.09328441,0.14925505,0.0,0.0,0.03731376,0.07462753,0.0,0.0,0.07462753,0.0,0.0,0.0,0.0,0.0,0.11194129,0.05597064,0.0,0.0,0.01865688,0.01865688,0.20940248,0.15626355
0.07492765,0.01362321,0.0068116,0.04086963,0.02724642,0.06130444,0.0068116,0.01362321,0.06811605,0.04768123,0.0068116,0.01362321,0.01362321,0.04768123,0.04086963,0.04768123,0.03405802,0.04768123,0.03405802,0.02043481,0.15893385,0.17352888
0.02735041,0.0,0.04558402,0.0091168,0.01823361,0.13675206,0.02735041,0.02735041,0.03646722,0.04558402,0.0,0.04558402,0.08205123,0.02735041,0.03646722,0.05470082,0.02735041,0.04558402,0.0091168,0.04558402,0.13318282,0.11923927
0.30860002,0.30860002,0.0,0.0,0.0,0.0,0.0,0.0,0.0,0.0,0.0,0.0,0.0,0.0,0.0,0.0,0.15430001,0.15430001,0.0,0.0,0.05348902,0.02071092
0.1536896,0.30737921,0.0,0.0,0.0,0.0,0.0,0.0,0.0,0.0,0.0,0.0,0.0,0.0,0.0,0.0,0.30737921,0.1536896,0.0,0.0,0.03773018,0.0401322
0.11300612,0.09040489,0.02260122,0.01130061,0.01130061,0.06780367,0.02260122,0.02260122,0.02260122,0.05650306,0.0,0.01130061,0.04520245,0.06780367,0.03390184,0.06780367,0.03390184,0.02260122,0.0,0.03390184,0.12582008,0.11703893
0.0,0.0,0.0,0.0,0.19764776,0.0,0.0,0.19764776,0.0,0.19764776,0.0,0.0,0.19764776,0.0,0.0,0.0,0.0,0.09882388,0.0,0.0,0.03427879,0.07630629
0.0,0.0,0.0,0.0,0.09813265,0.0,0.0,0.1962653,0.0,0.1962653,0.0,0.0,0.1962653,0.0,0.0,0.0,0.0,0.09813265,0.0,0.09813265,0.03809804,0.07870813
0.0,0.0,0.0,0.0,0.09308094,0.0,0.0,0.18616189,0.0,0.18616189,0.0,0.0,0.18616189,0.0,0.0,0.0,0.0,0.09308094,0.09308094,0.0,0.06318777,0.09908373
0.0,0.0,0.0,0.0,0.28704468,0.0,0.0,0.19136312,0.0,0.09568156,0.0,0.0,0.19136312,0.0,0.0,0.0,0.0,0.09568156,0.0,0.0,0.04867775,0.09018821
0.09829715,0.0,0.0,0.0,0.0,0.0,0.0,0.19659431,0.0,0.19659431,0.0,0.0,0.19659431,0.0,0.0,0.0,0.0,0.09829715,0.0,0.09829715,0.05565855,0.05966707
0.09704352,0.0,0.0,0.0,0.19408704,0.0,0.0,0.19408704,0.0,0.19408704,0.0,0.0,0.09704352,0.0,0.0,0.0,0.0,0.09704352,0.0,0.0,0.04570022,0.08090809
0.18970637,0.0,0.0,0.0,0.18970637,0.0,0.0,0.18970637,0.0,0.09485318,0.0,0.0,0.09485318,0.0,0.0,0.0,0.0,0.09485318,0.0,0.0,0.05520171,0.09111963
0.08852492,0.0,0.04426246,0.0,0.04426246,0.08852492,0.0,0.04426246,0.0,0.08852492,0.0,0.0,0.0,0.04426246,0.04426246,0.08852492,0.0,0.04426246,0.04426246,0.0,0.16763079,0.16843228
0.04505581,0.0,0.04505581,0.0,0.04505581,0.04505581,0.0,0.04505581,0.0,0.18022323,0.0,0.0,0.0,0.04505581,0.04505581,0.09011161,0.0,0.04505581,0.04505581,0.0,0.15190726,0.17225563
0.03150759,0.03150759,0.0,0.12603035,0.03150759,0.06301517,0.0,0.0,0.0,0.0,0.0,0.0,0.0,0.0,0.15753793,0.03150759,0.03150759,0.0,0.06301517,0.0,0.19267497,0.24018848
0.0,0.0952266,0.0,0.0,0.0,0.0,0.0,0.0952266,0.0,0.0,0.0,0.0476133,0.0,0.0,0.19045321,0.0,0.0,0.14283991,0.0,0.0,0.19860357,0.23003681
0.0,0.16317954,0.0,0.02719659,0.0,0.13598295,0.0,0.0,0.0,0.02719659,0.0,0.05439318,0.08158977,0.0,0.02719659,0.02719659,0.13598295,0.08158977,0.02719659,0.0,0.1001518,0.11114707
0.0,0.0,0.0,0.0,0.04077465,0.04077465,0.0,0.0,0.20387327,0.12232396,0.0,0.0,0.0,0.0,0.0,0.0,0.08154931,0.08154931,0.04077465,0.0,0.18748958,0.20089061
0.0,0.0,0.0289644,0.0,0.05792879,0.05792879,0.05792879,0.05792879,0.0,0.0,0.0,0.05792879,0.20275078,0.05792879,0.08689319,0.0289644,0.0289644,0.0,0.0,0.0289644,0.12454785,0.12237782
0.0,0.0,0.0,0.0,0.0,0.03500532,0.03500532,0.03500532,0.03500532,0.0,0.0,0.0,0.21003189,0.0,0.14002126,0.07001063,0.03500532,0.03500532,0.0,0.03500532,0.20828882,0.12661019
0.04635241,0.0,0.0,0.0,0.04635241,0.0231762,0.0,0.04635241,0.06952861,0.13905722,0.0231762,0.0,0.0231762,0.0,0.13905722,0.04635241,0.0,0.0,0.0,0.0,0.18069172,0.21672698
0.12429605,0.0,0.0,0.04143202,0.010358,0.09322204,0.0,0.07250603,0.08286404,0.05179002,0.010358,0.010358,0.010358,0.0,0.02071601,0.04143202,0.04143202,0.08286404,0.02071601,0.010358,0.12649287,0.14844682
0.07807785,0.0,0.0,0.0520519,0.0520519,0.02602595,0.02602595,0.0520519,0.18218165,0.0520519,0.02602595,0.0,0.0,0.0,0.02602595,0.02602595,0.0,0.0,0.02602595,0.0,0.15817133,0.21720586
0.0,0.40862065,0.0,0.0,0.0,0.0,0.0,0.0,0.0,0.0,0.0,0.0,0.0,0.0,0.0,0.13620688,0.34051721,0.06810344,0.0,0.0,0.02075045,0.02580137
0.10105814,0.0,0.01684302,0.01684302,0.03368605,0.08421512,0.01684302,0.03368605,0.11790116,0.01684302,0.01684302,0.03368605,0.0,0.0,0.03368605,0.03368605,0.03368605,0.11790116,0.0,0.0,0.13448761,0.1581054
0.08248568,0.02577677,0.08248568,0.02062142,0.00515535,0.0567089,0.01546606,0.02577677,0.04639819,0.08248568,0.01031071,0.02577677,0.02577677,0.05155355,0.04639819,0.03093213,0.02062142,0.05155355,0.01546606,0.0,0.13336641,0.14488391
0.01259502,0.07557011,0.03778506,0.02519004,0.0,0.07557011,0.0,0.06297509,0.08816513,0.05038007,0.0,0.01259502,0.07557011,0.02519004,0.03778506,0.02519004,0.03778506,0.03778506,0.02519004,0.01259502,0.12324785,0.1588361
0.06705991,0.0,0.01676498,0.01676498,0.03352995,0.08382488,0.0,0.08382488,0.11735484,0.0,0.0,0.01676498,0.01676498,0.05029493,0.03352995,0.0,0.01676498,0.06705991,0.01676498,0.01676498,0.1706343,0.1755316
0.07160867,0.0,0.01790217,0.01790217,0.01790217,0.08951084,0.01790217,0.10741301,0.07160867,0.0,0.01790217,0.0,0.01790217,0.03580434,0.05370651,0.03580434,0.01790217,0.07160867,0.01790217,0.0,0.15210306,0.16761453
0.0,0.0,0.01789828,0.01789828,0.03579656,0.10738969,0.03579656,0.01789828,0.0,0.03579656,0.0,0.01789828,0.14318626,0.03579656,0.14318626,0.03579656,0.01789828,0.0,0.01789828,0.0,0.17904627,0.140819
0.04095685,0.0,0.02047843,0.0,0.04095685,0.02047843,0.02047843,0.06143528,0.02047843,0.0,0.0,0.08191371,0.18430584,0.02047843,0.10239214,0.02047843,0.02047843,0.02047843,0.02047843,0.0,0.14422774,0.15950574
