1.25,0.011,-0.593,-0.313,-1.012,-0.625,1.204,0.656,0.335,-0.093,0.011,-1.316,0.312,-1.381,0.975,0.092,-1.09,2.11,-1.003,0.84,-0.516,0.679,-2.33,-2.28,-3.443,-0.613,-0.902,0.323,-3.31,-0.589,0.262,-0.911,-0.929,-0.191,-1.342,-0.906,-0.081,1.61,-1.929,-0.829
0.002,-1.037,0.836,-0.203,0.053,-1.34,-0.556,-0.176,-0.873,0.055,0.188,0.285,-0.153,-0.801,-1.156,0.127,-0.031,0.014,-0.118,-0.342,0.01,-4.411,-0.937,-0.476,-0.567,-0.562,-0.179,0.275,-0.225,-1.038,-0.316,-0.636,-0.195,-0.069,-0.002,-0.026,0.097,0.973,-0.287,-0.929
-0.178,1.716,0.167,0.303,-0.541,-0.51,-0.284,-0.507,-0.063,-0.347,-0.175,0.485,0.064,0.006,0.133,-0.077,-0.533,-0.559,-0.793,-1.246,-0.551,3.454,0.213,0.697,-0.78,-3.374,0.482,-1.133,0.03,-1.931,-0.427,0.163,-0.25,0.387,-0.807,-0.26,0.482,-0.257,0.25,-1.01
-0.086,0.067,1.237,1.367,0.053,-0.445,0.413,1.307,1.027,0.016,-0.278,0.813,2.38,0.703,1.367,0.182,0.423,1.531,0.166,-0.021,-0.628,0.324,1.235,0.444,-0.026,1.027,0.195,-0.078,0.653,-0.324,-0.314,0.464,2.069,-0.015,0.305,-0.015,0.295,0.12,-0.212,0.668
0.377,-0.061,0.123,0.152,0.485,-1.183,-0.405,-0.81,0.017,-1.394,-0.584,-0.226,-0.044,0.168,-0.113,-0.597,-0.664,-0.296,0.887,0.396,-0.805,-0.274,-1.223,-0.781,0.163,0.027,-0.359,-1.129,-1.579,-0.664,-0.466,-0.977,-0.204,-0.694,-0.89,-0.141,-0.234,-1.14,-0.36,-0.147
0.007,-0.16,0.327,0.756,0.053,-2.248,0.131,-1.525,-1.22,-1.04,-0.285,0.031,-0.079,0.037,-0.468,-0.345,-0.363,-1.036,0.054,0.114,-0.572,-0.503,-0.915,-0.829,-1.447,-1.767,-0.326,-2.59,-2.184,-3.592,-1.561,-2.531,-0.225,-0.462,-0.704,-0.8,0.082,-2.18,-0.972,-0.197
0.74,0.003,-0.456,-0.202,0.11,-1.557,-0.0,-0.738,-1.012,-0.634,-0.622,-0.8,-0.073,-0.173,-0.465,-0.032,-0.033,-0.298,0.115,-0.012,-1.595,-0.844,-3.12,-1.505,-1.479,0.385,-0.92,-3.728,-3.261,-4.013,-2.29,-3.969,-0.269,-1.073,-1.322,-0.905,-0.278,-4.507,-1.047,-0.09
0.195,2.527,-0.174,0.046,0.819,0.894,-1.16,0.479,0.546,-0.977,0.442,-0.203,0.012,-0.593,-1.079,1.105,0.632,-0.167,0.232,0.201,-0.204,1.423,-0.038,-1.318,-0.365,0.639,0.644,-0.381,-1.512,0.089,0.632,-0.405,0.798,-1.086,-0.076,0.442,0.137,0.224,-0.171,-0.142
-0.425,-1.644,0.893,-0.526,1.661,-0.12,-1.013,0.915,-0.607,0.429,0.352,0.385,0.026,-2.052,-0.895,-0.734,0.37,0.177,1.285,-0.179,0.149,-6.304,0.267,-1.55,-1.302,-0.808,-2.43,0.505,-2.818,-0.067,-0.555,-2.932,2.748,-1.195,-2.502,-0.459,-0.396,0.639,0.517,-1.047
0.343,-3.469,-0.232,0.048,0.129,0.12,-1.014,0.223,1.458,0.473,0.029,0.107,0.122,-0.045,1.954,0.109,-0.105,-0.24,1.145,-1.105,0.208,1.555,-0.475,-0.001,-0.418,0.368,-1.008,-0.262,-0.111,-0.565,0.035,0.163,-0.237,0.267,-0.04,-0.503,-0.265,-0.024,1.04,-0.663
0.202,-2.624,0.568,0.156,0.089,0.428,-0.332,-0.519,1.567,0.103,0.025,-0.009,-0.504,0.404,2.962,0.185,-0.03,-0.459,-0.327,-1.256,-0.529,2.42,0.114,0.141,-0.524,0.316,-0.529,-0.118,0.423,-0.477,-0.123,0.777,-0.328,0.223,1.732,-0.434,-0.201,0.399,1.165,-0.55
0.365,-4.907,0.014,-0.025,-0.384,0.121,-0.61,-0.165,-0.825,-0.011,-0.135,0.183,-0.135,-0.281,0.141,-0.016,-0.253,-0.354,-1.541,-0.576,-0.335,-1.785,-0.641,-0.856,-0.478,-3.231,0.16,-0.406,0.005,-0.918,-0.476,-0.048,-0.439,0.092,-0.115,0.129,0.092,-0.389,2.706,-0.316
0.336,-4.941,0.014,-0.001,-0.35,0.307,-0.417,-0.165,-0.825,-0.011,-0.054,0.26,-0.068,-0.245,0.256,-0.016,-0.207,-0.354,-1.541,-0.576,-0.318,-1.638,-0.641,-0.951,-0.513,-3.159,0.094,-0.406,-0.09,-0.942,-0.534,-0.017,-0.655,-0.014,0.071,0.129,0.021,-0.389,2.706,-0.316
-0.035,-0.091,-0.306,-0.006,-0.53,-2.262,0.117,-0.791,-0.17,-1.477,-0.614,-0.247,-0.042,0.035,-0.111,-0.113,-0.028,-0.366,-0.202,-0.485,-0.049,-0.103,-0.364,-0.004,-0.618,-2.502,-0.05,-0.848,0.223,-1.301,-0.477,-0.277,-0.044,0.011,-0.014,-0.17,0.007,-0.329,-0.085,-0.939
0.522,2.662,-0.09,0.088,-0.023,0.64,-1.469,0.351,0.343,-1.191,0.991,-0.556,0.123,-0.999,-1.556,0.619,0.819,-0.528,0.167,0.399,-0.043,1.099,-0.181,-0.954,0.131,0.142,0.498,-0.841,-1.625,0.145,0.443,-1.007,0.503,-1.363,-0.15,0.057,0.304,0.464,-0.152,0.519
-0.294,-9.491,0.041,-0.251,-0.465,-0.399,-0.892,0.719,-0.24,0.229,-0.222,0.116,-0.009,0.288,-2.501,-0.36,-0.055,0.838,-0.497,-1.953,0.18,-6.946,-0.819,-0.965,0.457,-0.139,-0.5,-0.389,-0.691,-0.139,0.007,-0.926,-0.249,-1.285,-1.346,0.123,-0.138,-0.25,0.069,0.215
-0.408,-0.136,-0.018,0.232,0.852,1.343,-0.149,-0.186,-0.65,-0.177,-0.223,-0.76,2.741,0.187,-0.855,-0.049,0.07,-0.231,-0.107,0.042,0.496,0.262,0.209,-0.296,-0.233,-0.938,0.245,-0.064,-0.819,-0.197,-0.302,0.18,-0.302,-0.619,-0.566,-0.316,0.035,0.127,-0.522,0.616
0.333,0.062,-0.131,-0.113,3.247,-1.276,-0.281,-1.698,-0.321,-0.429,-0.163,-0.45,0.245,-0.226,-1.153,0.17,-0.078,-1.205,0.492,1.523,0.41,-0.69,-1.125,-2.324,-1.555,-2.321,-5.107,-6.221,-2.575,-3.25,-1.362,-2.16,-0.13,-2.275,-2.578,-0.689,-0.428,-4.158,-0.183,0.592
-0.533,-0.184,0.116,-0.402,0.898,0.537,-0.213,-0.246,-0.871,0.832,0.373,-0.094,0.349,-0.111,-0.867,-0.107,-0.133,-0.517,-0.143,0.283,-1.357,-0.565,-0.746,-0.175,-1.813,-3.634,-0.152,-2.786,-0.348,-4.342,-1.576,-0.661,-1.592,0.013,-0.143,-0.402,0.071,-1.0,0.078,-0.714
0.371,-1.316,-0.063,0.13,0.638,0.313,-0.291,-0.367,0.535,-0.658,-0.642,0.002,-0.12,0.059,-0.026,-0.003,-0.251,-0.137,0.123,0.024,-1.722,-1.666,-0.556,-0.545,-2.544,-1.835,-0.124,-3.828,-1.699,-2.788,-1.359,-0.907,-2.636,-0.348,-0.914,-1.017,-0.192,-3.268,-0.042,-0.556
-0.159,-0.318,0.065,0.376,0.539,1.741,-0.099,0.102,1.522,-0.147,0.353,0.263,-0.094,0.178,0.688,0.045,0.267,0.248,-0.066,0.044,-1.478,-1.871,-0.48,-0.72,-3.84,-4.18,-0.166,-4.271,-2.077,-4.525,-3.132,-0.834,-0.938,-0.539,-0.519,-0.734,0.22,-2.432,-0.222,-1.108
-0.427,-0.05,0.197,0.367,0.56,-3.704,-4.08,-0.837,0.541,0.335,-0.272,-0.283,0.151,0.435,0.024,-0.104,0.03,-1.296,0.109,-1.084,-0.165,-0.382,0.131,0.415,-0.29,-2.003,-5.326,-3.576,0.631,-2.54,-0.182,-0.911,-0.018,-0.136,0.066,0.016,-0.165,-2.778,0.121,-0.27
-0.287,-0.05,-0.159,0.421,0.332,-2.361,4.7,-0.049,0.248,-0.786,-0.154,-0.052,0.124,0.294,0.212,-0.372,0.1,0.093,0.251,0.561,-0.265,-0.368,-1.034,-0.629,-0.76,-2.039,-6.607,-2.655,-0.252,-1.873,-0.858,-1.522,-0.189,-0.573,-0.869,-0.017,-0.227,-1.684,-0.307,-0.012
0.688,-0.078,-0.159,-0.059,1.019,-1.169,-0.182,-2.065,-0.117,-1.812,-0.562,0.032,0.108,0.068,0.005,0.068,0.05,-1.315,0.128,0.371,0.333,0.023,-0.817,-0.522,-2.752,-5.756,-0.039,-4.896,-0.736,-4.862,-1.873,-0.849,-1.043,-0.263,-0.33,-0.687,0.117,-1.947,-0.398,-0.679
0.031,-0.168,-0.133,-0.077,0.425,-0.854,-0.11,-1.274,-0.383,-1.261,-0.411,0.397,-1.37,-0.081,-0.347,0.167,-0.167,-0.924,-0.104,0.12,0.116,-0.409,-1.13,-0.798,-2.954,-5.598,-0.346,-6.814,-1.493,-5.325,-2.155,-1.581,-2.814,-0.751,-0.568,-1.364,0.091,-4.162,-0.276,-0.968
0.031,-0.168,-0.204,-0.085,0.425,-0.854,-0.145,-1.274,-0.136,-1.261,-0.411,0.397,-1.316,-0.081,-0.719,0.173,-0.167,-1.0,-0.104,0.12,0.116,-0.409,-0.92,-0.613,-2.954,-5.598,-0.485,-6.814,-0.912,-5.325,-2.155,-1.581,-2.557,-0.751,-1.003,-1.162,0.091,-4.545,-0.276,-0.968
0.797,-1.535,-0.248,-0.087,0.622,0.371,-0.176,-0.671,0.007,-0.993,-0.62,-0.392,-1.511,-0.026,0.348,-0.137,-0.092,-0.761,-0.161,-0.332,-0.891,-0.722,-0.341,-0.409,-4.821,-0.413,0.043,-3.01,-1.318,-2.282,-1.068,-0.637,-2.864,-0.66,-0.996,-0.274,-0.328,-1.629,-0.887,-1.433
0.088,-0.229,-0.192,-0.244,1.207,-3.866,-0.27,-1.395,-0.428,-2.174,-1.194,0.005,0.072,-0.162,0.03,-0.053,-0.252,-0.726,0.137,0.333,-0.276,-0.485,-1.356,-0.889,-2.779,-9.896,-0.008,-6.247,-1.493,-7.043,-3.34,-2.059,-0.584,-0.821,-0.697,-1.634,-0.277,-3.129,-0.492,-0.727
-1.283,-0.019,-0.371,0.16,0.119,-0.815,-0.583,-0.631,-0.056,-0.086,-0.007,-0.892,-0.837,0.092,0.223,-1.278,-0.056,-0.422,0.126,-0.679,-0.222,-0.397,-0.525,-0.584,-0.351,-0.185,-2.26,-3.126,-0.703,-0.838,-0.312,-1.945,-0.522,-0.727,-0.713,-0.941,-0.101,-2.538,-0.012,-0.081
-0.674,-0.037,-0.202,0.044,0.195,0.415,2.592,-0.198,-0.166,0.461,0.216,-0.701,-0.693,-0.03,-0.037,-0.76,0.118,-0.378,0.118,0.052,-0.604,-0.278,-0.771,-0.662,-0.35,-0.236,-4.5,-2.662,-0.407,-1.139,-0.475,-2.24,-0.407,-0.646,-0.692,-1.049,0.227,-2.108,-0.028,-0.507
-0.084,-0.167,-0.243,-0.328,-1.207,-0.917,-0.339,0.072,-0.989,0.028,-0.103,-0.053,-0.121,-1.072,-1.617,0.006,-0.181,-0.226,0.999,0.149,-0.826,-0.351,-1.209,-2.213,-7.898,-2.364,-0.181,-4.2,-2.676,-2.947,-0.854,-2.179,-1.293,-2.857,-1.842,-1.707,-0.396,-2.185,-5.122,-2.254
0.219,-1.181,-0.139,0.203,0.12,0.345,-0.347,0.206,0.354,-0.564,-0.175,0.623,-0.41,0.833,1.973,-0.268,0.104,0.181,2.007,-2.332,-0.663,-2.403,-0.229,0.108,-2.179,-0.261,2.069,0.219,0.42,-0.146,-0.124,-1.052,-0.176,-0.316,1.964,-0.356,0.733,-0.063,-1.509,-1.673
0.049,-0.093,0.014,0.291,-0.466,-0.096,-0.106,0.39,0.023,0.0,-0.267,-0.05,0.169,0.807,0.434,0.023,0.18,0.472,-0.049,-0.563,-1.625,-0.577,-0.07,-0.193,1.402,0.685,-0.466,-1.772,-3.21,-0.879,-0.386,-0.648,0.031,-0.234,-1.395,-0.101,0.173,-1.616,0.012,0.285
-0.149,-3.856,-0.154,-0.333,-0.998,-0.445,-1.173,-0.25,-0.437,-0.555,-0.262,-0.085,-0.93,0.057,-1.031,-0.287,0.001,-0.09,0.108,-2.312,-0.136,-0.297,-0.228,0.104,-1.384,-0.916,2.604,0.141,0.042,0.126,0.069,-0.388,0.163,0.565,1.222,-0.535,0.447,0.069,-0.776,-1.672
-1.313,-0.097,-0.25,0.413,-0.927,0.456,-0.056,-0.044,0.65,0.061,-0.086,-1.793,-0.104,0.5,0.098,-0.474,0.032,-0.406,-0.223,-0.55,-0.872,-0.409,-0.858,-1.044,-2.012,-1.428,-0.555,-2.167,-2.707,-1.417,-0.926,-2.605,-0.334,-0.639,-1.03,-1.137,-0.108,-1.82,-0.235,-0.496
-0.064,-1.724,0.34,0.283,-1.434,-1.155,-1.01,-0.759,-0.48,-0.696,-0.571,-0.425,-0.448,-0.772,-0.205,-0.102,0.107,-0.051,-0.198,-1.234,-0.09,0.548,-0.627,-0.25,-0.538,-1.011,1.114,-0.872,0.174,-0.173,0.108,-0.42,-0.06,0.18,-0.104,-0.271,-0.216,-0.552,-0.06,0.305
-0.173,-3.494,0.351,0.069,-0.951,0.07,-0.873,0.155,-0.331,0.182,0.071,0.002,0.506,-0.173,-0.173,-0.093,-0.138,-0.179,-0.292,-2.445,-0.272,-0.183,0.54,0.49,0.224,-2.485,2.175,-0.028,0.121,-0.002,0.355,0.16,-0.679,0.609,0.744,-0.186,0.376,-0.064,-0.183,-0.715
-0.639,-0.123,-0.213,-0.088,-1.107,0.183,-0.088,0.109,0.383,-1.13,-0.273,-0.521,-0.758,-0.054,-0.652,-0.701,0.222,0.342,-0.585,-0.75,0.604,-0.399,-0.097,-0.924,-0.842,-0.301,-1.308,-1.053,-2.907,-1.212,-0.553,-0.389,-1.578,-1.117,-5.432,0.194,-0.192,-0.984,-0.781,-0.339
-0.25,0.107,-0.037,1.049,-0.116,-1.581,0.44,-1.224,2.176,-1.216,-0.427,0.273,-0.224,2.336,3.746,-0.759,0.27,-0.61,-0.608,-0.023,-0.479,0.57,-0.244,0.333,-0.155,1.421,0.208,-0.998,1.5,-1.422,-0.417,-0.373,-0.448,1.016,2.781,-1.636,-0.313,0.0,-0.71,0.069
-0.432,-0.324,0.045,-0.791,-1.451,-3.427,-0.661,-1.629,0.151,-0.402,-0.182,0.277,0.079,-0.136,-0.167,0.573,-0.044,-1.663,-0.909,-0.451,-0.068,-0.151,-1.905,-2.246,-4.318,0.053,0.314,-3.326,-3.82,-2.677,-1.19,-2.607,-0.533,-1.095,-1.19,-1.461,0.194,-1.703,-1.238,-0.084
0.028,-0.206,-0.811,-0.504,-1.077,-1.706,-0.015,-0.861,-1.274,-0.676,-0.507,-0.676,-0.055,-0.54,-0.622,-0.779,-0.105,-0.526,-0.232,-0.233,-0.198,-0.327,-1.229,-0.569,-1.619,1.677,-0.108,-1.657,-1.795,-3.005,-1.07,-1.313,0.113,-0.883,-0.909,-0.459,0.274,-1.44,-0.489,-0.462
-0.189,-0.171,-1.284,-0.31,-0.671,-1.184,-0.06,-0.75,-1.344,-0.629,-0.396,-0.784,-0.144,-0.427,-0.597,-0.969,0.169,-0.585,-0.281,-0.092,-0.391,-0.661,-1.647,-0.576,-1.199,2.582,-0.229,-1.129,-2.241,-1.662,-0.812,-1.288,0.044,-1.067,-1.244,-0.29,0.027,-1.546,-0.362,-0.348
0.484,-5.978,0.688,0.337,0.208,-0.974,0.241,-1.543,0.212,-0.171,-0.263,1.762,-1.412,0.353,0.196,0.743,0.075,-1.059,-0.288,-0.165,0.383,-1.897,-0.681,-0.787,-0.679,0.714,-0.14,0.357,1.129,-0.306,-0.074,-0.592,-1.161,-0.301,0.042,-0.331,-0.144,0.196,-0.987,-0.317
-0.08,-0.088,0.249,1.092,-0.158,-1.105,-0.948,-0.082,0.734,-0.452,-0.417,0.129,-1.237,0.356,0.356,-0.31,-0.105,-0.071,0.057,-0.315,-0.138,-0.556,-1.28,-1.541,-1.72,-2.813,-2.161,-6.331,-1.462,-4.791,-2.179,-1.821,-2.449,-0.653,-0.517,-1.013,-0.114,-5.602,-0.025,-0.229
-0.727,-0.246,-0.317,0.3,-0.675,-2.289,-0.153,-0.809,0.654,-1.345,-0.653,-0.183,-0.042,0.174,0.273,-0.495,-0.604,-0.405,-0.133,-0.523,-0.621,-0.782,-1.084,-1.229,-1.983,-3.216,-1.079,-3.142,-2.642,-2.628,-0.918,-1.436,-0.247,-0.779,-1.19,-0.341,-0.039,-2.234,-0.381,-0.422
-0.535,-0.067,-0.103,0.136,-0.221,0.318,-0.139,-0.16,-0.09,0.535,0.045,-1.694,0.135,-0.004,-0.208,-0.307,0.136,-0.609,0.218,0.095,-0.456,-0.245,-1.254,-0.927,-1.496,-3.155,-0.512,-3.343,-1.597,-3.496,-1.314,-2.429,-0.77,-0.79,-0.726,-1.192,0.009,-2.452,-0.17,-0.342
-0.069,-0.127,0.142,0.644,-0.418,-1.154,-1.091,-0.27,0.064,-0.793,-0.521,-0.057,-1.155,0.272,0.174,-0.333,-0.072,-0.251,0.048,-0.422,-0.319,-0.612,-1.537,-2.013,-1.597,-2.785,-2.406,-6.739,-1.683,-5.116,-2.251,-1.925,-2.373,-0.732,-0.501,-1.13,-0.132,-5.681,-0.03,-0.37
-0.178,-2.373,-0.409,0.063,-1.0,0.569,-0.207,-1.221,-0.291,-0.97,-0.697,-0.976,-2.146,-0.213,-0.042,-0.658,-1.11,-1.238,-0.88,-0.687,0.168,-4.729,0.033,-1.076,0.097,-1.683,-0.115,-0.37,-0.508,0.001,0.244,0.674,-1.798,-0.507,-0.19,0.726,-0.877,0.014,-0.474,-0.232
0.071,-2.756,-0.32,-0.144,-0.941,-0.269,-0.004,-0.436,0.181,-0.884,-0.766,-0.217,-2.383,-0.027,0.507,-0.346,-1.389,-0.785,-0.981,-0.669,-0.03,-4.229,-0.493,-1.178,0.627,-1.642,-0.144,-0.31,-0.408,0.194,0.265,0.421,-0.793,-0.435,-0.804,-0.02,-1.05,-0.216,0.563,0.203
-0.082,-0.357,-0.046,-0.197,-0.005,-0.814,-0.109,-1.25,-1.385,-0.857,-0.296,-0.151,0.07,-0.33,-0.678,-0.687,-0.036,-0.591,0.117,0.026,0.354,-0.161,-0.7,-0.435,-0.371,-0.519,-0.417,-1.148,-0.893,-0.525,-0.205,-1.812,-0.011,-0.387,-0.672,-0.683,-0.442,-1.256,0.167,-0.225
0.752,0.25,-0.031,0.499,0.048,-2.83,0.021,-1.34,-0.304,-1.542,-0.785,-0.229,-0.031,0.083,-0.098,-0.459,0.189,-0.798,-0.028,-0.021,-1.066,-0.382,-0.49,-0.556,-0.325,-1.406,-0.332,-1.105,-0.901,-0.766,-0.186,-1.002,-0.165,-0.475,-0.574,-1.214,-0.618,-0.918,0.499,-0.275
0.964,0.428,0.171,0.628,0.212,-1.998,0.125,-0.199,-0.029,-0.861,-0.538,0.158,0.052,0.43,0.148,-0.26,0.233,0.188,-0.068,-0.027,-0.523,-0.102,-0.33,-0.325,-0.109,-1.565,-0.139,-0.212,1.859,-0.455,-0.167,-0.472,-0.101,-0.761,0.481,-0.902,-0.416,-0.188,0.417,-0.243
-1.39,-0.319,0.021,0.268,-0.497,-3.101,0.043,0.324,-0.046,-0.429,-0.735,0.015,0.124,0.219,0.238,0.041,-0.256,0.06,0.007,-0.342,-1.457,-0.556,-0.236,-0.458,-0.689,-0.531,-0.005,-1.069,-1.553,-0.5,-0.194,-0.654,-0.259,-0.431,-0.651,-0.307,-0.458,-0.625,-0.001,-0.101
0.496,3.582,-0.269,0.286,0.748,0.232,-1.763,0.416,0.988,-0.769,0.607,0.001,0.396,-0.211,-1.138,0.757,0.602,0.32,0.019,0.799,-0.004,1.567,-0.233,-1.004,0.257,0.665,1.196,-0.712,-1.614,0.134,0.63,-0.308,0.625,-0.457,-0.13,0.163,0.288,0.527,0.024,0.163
0.136,0.194,-0.365,-0.504,-3.962,-0.87,0.188,-0.658,0.576,-1.779,-0.699,-0.51,-1.274,-0.654,-0.565,-0.169,0.024,-0.324,-1.128,-0.62,-0.113,0.2,-0.71,-0.835,-6.237,-0.781,-1.602,-1.196,-1.922,-1.726,-0.846,-0.774,-1.942,-0.88,1.082,-0.368,0.033,-0.847,-1.44,-2.249
-0.035,-0.039,-0.217,-0.419,0.043,-0.539,-0.272,-0.403,-2.349,-0.435,-0.098,-0.385,-0.106,-0.527,-1.87,-0.261,-0.019,-0.533,0.047,0.005,0.04,-0.513,-2.137,-2.984,-0.864,1.578,-0.618,-1.098,0.538,-1.911,-1.682,-1.207,-0.071,-0.686,0.864,-0.864,0.111,-1.157,-0.232,-0.013
-0.117,-3.614,-0.186,-0.244,-0.509,0.146,0.016,-0.243,-0.251,-0.368,-0.449,0.007,-2.332,-0.188,0.078,-0.468,-1.442,-0.551,-0.089,-0.429,-0.164,-4.51,-0.522,-1.139,-0.075,-1.781,-0.14,-0.617,-0.317,-0.313,-0.18,0.115,-0.584,-0.495,-0.802,0.133,-0.94,-0.474,-0.177,-0.169
0.519,-4.081,0.245,-0.092,0.376,-0.319,0.029,-0.966,-0.03,-0.193,-0.16,1.464,0.226,0.075,0.064,0.52,-0.084,-0.785,-0.25,-0.225,0.332,-2.326,-0.566,-0.498,-0.897,-0.464,0.034,-0.714,1.266,-0.703,-0.346,-0.734,-0.936,-0.246,-0.024,-0.623,-0.202,-0.27,-0.911,-0.417
0.538,-0.032,0.31,0.811,-0.21,-0.478,-0.211,0.121,0.192,0.446,-0.093,0.201,-0.716,2.06,0.799,0.468,0.009,-0.117,0.02,-0.29,0.081,-0.395,-0.715,-0.049,-0.465,-2.109,-1.01,-2.917,-0.47,-3.967,-1.52,-0.662,-1.577,0.524,0.19,-0.289,-0.065,-1.568,0.07,-0.19
-0.799,-0.236,-1.353,-0.13,-0.021,-0.868,-0.155,0.184,-0.929,-0.604,-0.396,-0.282,-0.153,-0.014,-0.279,-0.173,-0.21,-0.322,-0.077,-0.168,0.387,-0.726,-2.174,-1.786,-0.502,0.697,-1.429,-3.952,-1.122,-2.93,-1.047,-1.416,-0.067,-0.719,-0.31,-0.014,0.043,-2.968,0.005,0.138
-0.865,0.037,-0.965,-0.041,-0.332,1.15,-0.052,0.172,0.831,-1.16,-0.499,-1.047,0.041,0.094,0.205,-0.375,0.344,-0.068,-0.75,-0.03,-0.066,-0.049,-1.059,-0.903,-1.588,-4.518,-0.104,-2.661,-1.543,-2.82,-1.167,-1.435,-0.43,-0.676,-0.484,-1.295,-0.198,-1.517,0.266,-0.559
-0.896,-0.13,-0.293,-0.208,-0.498,-2.323,-0.139,-1.336,-1.352,-0.735,-0.185,-0.541,0.434,-0.938,-0.847,0.207,0.299,-0.923,-0.832,-0.357,0.179,-0.051,-1.077,-1.565,-1.77,-2.301,-0.324,-2.821,-2.571,-1.516,-0.917,-0.829,-0.888,-2.274,-0.439,-1.174,-0.703,-1.012,-0.278,-0.197
-0.091,-2.035,0.476,0.208,-1.23,-1.205,-0.649,-0.406,-0.05,-0.689,-0.373,-0.319,-0.33,-0.856,-0.57,-0.101,0.166,-0.012,-0.163,-1.217,0.262,1.015,-0.354,-0.165,-0.13,-1.045,0.273,-1.033,0.146,-0.601,-0.285,-0.673,-0.317,0.585,0.27,-0.216,-0.094,-0.534,-0.137,0.462
-0.231,-0.132,-0.263,-0.408,-0.728,-0.863,-0.196,-0.694,-0.338,-0.924,-0.133,-0.518,-0.692,-0.466,0.177,-0.138,-0.185,-0.22,0.238,-0.449,-0.04,-0.591,-0.909,-1.49,-2.705,-1.455,-0.388,-3.642,-2.616,-2.902,-0.608,-0.588,-4.006,-1.816,-1.354,-0.198,-0.289,-1.767,-1.371,-0.818
0.139,-0.141,-0.028,-0.172,-0.129,-0.2,-0.121,0.333,-0.356,-0.071,-0.152,0.073,0.091,-0.428,-0.463,-0.227,-0.296,0.003,0.033,-0.053,0.086,-2.077,-3.859,-3.087,-1.563,-0.807,-1.186,-1.694,-2.135,-1.149,-1.19,-1.161,0.224,-1.754,-1.731,-0.245,-0.001,-1.49,0.081,-0.837
-0.056,-4.693,-0.112,-0.096,-1.169,-0.528,1.493,0.243,-0.284,-0.158,0.008,0.293,-0.471,0.28,-1.077,-0.008,0.21,-0.02,1.027,-2.3,-0.34,-0.729,-0.279,-0.259,-1.562,-2.32,1.704,-0.167,0.695,-0.243,-0.012,-0.613,-0.287,-0.932,2.166,-0.523,0.27,0.007,-1.963,-1.974
-0.041,-4.046,0.156,-0.074,-1.086,-0.696,-0.7,-0.571,-0.15,-0.615,-0.294,0.108,-0.543,0.39,0.674,-0.182,0.018,-0.442,-0.219,-2.437,-0.299,-1.725,0.13,-0.014,-1.602,0.134,2.804,0.246,-0.721,0.096,0.232,-1.088,0.105,-0.26,-1.174,-0.432,0.429,0.211,-1.167,-2.412
0.444,0.017,0.273,0.09,0.54,-0.392,-0.705,-0.415,-0.01,-0.798,-0.233,-0.295,-1.351,0.181,-1.048,0.0,0.164,0.037,15.225,1.952,0.011,-0.388,-1.1,-1.51,-1.113,-0.087,-2.25,-1.188,-1.489,-1.489,-0.287,-0.8,-2.856,-1.776,-1.972,-0.2,0.044,-0.376,-4.039,0.028
0.005,-0.002,0.035,0.004,-0.045,-1.432,-2.76,-0.499,0.29,0.595,0.033,-0.087,0.02,0.123,1.405,0.02,-0.062,-0.886,-0.062,-0.827,-0.582,-0.671,-0.572,-0.129,-0.381,-5.171,-2.736,-4.707,-0.524,-4.162,-1.574,-1.175,0.001,-0.021,-0.498,-0.305,-0.151,-2.848,0.097,-0.701
0.199,-0.266,-0.468,-0.528,-1.019,1.829,-0.161,-1.904,-2.898,-0.263,-0.645,-0.408,-1.674,-0.595,-1.188,-0.222,0.1,-1.008,-1.179,-0.779,-0.033,0.044,-1.46,0.073,-0.086,-3.049,-0.006,-0.858,2.16,-2.103,-1.803,-0.528,0.278,0.327,0.771,-0.118,-0.175,-1.696,-1.423,-0.031
-0.066,-0.204,0.25,-0.248,-1.265,-0.913,-0.362,-1.252,-0.724,-0.804,-0.446,-0.405,-0.111,-0.217,-0.351,0.184,0.315,-0.688,-0.193,-0.371,0.061,0.028,-0.754,-1.366,-0.785,-0.349,-1.032,-0.739,-1.479,-1.01,-0.164,-1.79,-0.385,-0.864,-0.847,-0.753,-0.28,-0.341,-0.48,-0.253
0.567,-0.934,-0.029,0.273,-0.465,1.858,-0.533,0.06,-0.58,-0.26,0.499,0.064,2.443,0.096,0.507,1.345,0.442,-0.103,1.187,-0.569,0.164,-0.143,0.296,-0.12,-0.452,0.488,-0.339,0.101,1.188,-0.063,0.583,0.43,1.85,0.225,0.598,0.788,-0.444,1.045,0.689,-0.063
0.091,0.02,-0.063,0.068,0.117,-0.551,0.06,-0.884,0.969,-0.67,-0.314,0.18,-1.038,0.12,-0.375,-0.059,0.124,-0.456,0.229,0.026,0.031,-0.275,-0.498,-0.895,-2.016,-0.319,-0.129,-1.319,-3.432,-0.936,-0.344,-1.19,-0.202,-0.735,-1.054,-0.125,-0.216,-0.755,-0.217,-0.359
0.492,-0.196,-0.313,-1.078,-2.143,0.421,-1.129,-0.954,-4.16,-0.597,-0.165,-0.766,-0.321,-0.972,-1.853,0.235,-0.008,-0.524,-2.285,-1.279,-0.283,-0.335,-0.267,-0.684,-2.109,-0.223,-0.475,-1.612,-1.706,-1.615,-0.332,-0.651,-0.135,-0.623,-0.893,-0.115,-0.002,-0.926,-0.439,-0.112
-0.388,-0.1,-0.241,0.272,-0.097,0.091,0.091,-0.155,-0.133,-0.072,-0.243,-0.668,2.725,0.213,-0.212,-0.086,0.054,-0.266,0.132,-0.448,0.556,0.28,-0.308,-0.774,-0.379,-1.612,0.338,0.024,-1.789,-0.205,-0.38,0.312,-0.484,-0.845,-0.643,-0.165,-0.001,0.299,-0.826,0.518
0.293,1.42,1.404,2.128,1.173,2.357,-0.237,-0.852,0.513,-0.033,-0.123,1.136,2.68,1.071,0.853,0.396,0.186,0.256,1.851,1.116,0.219,1.476,0.896,2.016,0.07,0.39,-0.146,0.48,0.644,0.17,0.079,0.83,2.643,1.344,0.618,-0.107,0.553,0.245,1.507,0.324
-0.054,-0.178,0.11,0.249,0.138,0.392,0.816,1.034,-0.296,0.646,0.106,0.21,-0.055,0.141,-1.067,0.052,-0.045,0.532,-0.462,0.623,-0.327,-0.159,-0.476,-0.485,-1.263,-1.602,-0.319,-1.792,-1.178,-1.284,-0.541,-0.863,-0.435,-0.622,-1.661,-0.463,-0.137,-1.503,-0.711,-1.157
0.028,-0.029,0.0,0.499,0.796,0.216,-0.075,-0.889,-0.687,-0.058,-0.169,-0.336,-0.142,-0.031,-0.712,0.15,0.009,-0.421,0.092,0.347,-0.052,-0.292,-2.27,-2.517,-3.26,-2.969,-0.738,-3.979,-0.724,-3.272,-1.284,-2.406,0.503,-2.31,-1.82,-0.281,0.294,-2.581,-0.441,-0.664
-0.062,-0.108,0.072,-0.02,-0.267,1.181,-0.024,-0.341,0.248,0.833,0.206,0.489,-1.495,0.078,0.244,0.147,-0.229,0.089,-0.108,-0.088,-0.164,-0.516,-2.228,-1.127,-1.429,-3.723,-0.807,-5.905,-0.976,-7.0,-2.377,-3.228,-1.332,-0.395,-0.384,-1.581,0.018,-3.798,-0.153,-0.395
-0.083,1.234,-0.107,0.29,0.405,0.233,0.045,0.184,1.43,0.152,-0.107,0.289,-0.08,1.089,1.587,0.078,-0.072,0.359,-0.164,0.425,-0.28,-0.126,0.964,0.251,0.682,-0.031,0.258,0.288,0.513,0.547,0.385,0.491,0.098,0.314,0.097,0.145,-0.354,0.215,0.084,0.077
0.043,-0.585,-0.118,-0.312,-0.312,-1.232,-0.236,-1.869,-1.027,-0.595,-0.384,-0.796,0.052,-0.266,-0.467,0.165,-0.842,-1.418,-0.044,-0.07,-0.151,0.341,-1.764,-1.212,-0.358,-3.601,-0.64,-0.806,-1.881,-3.578,-1.076,-2.719,-0.37,-0.764,-0.721,-2.26,-0.289,-0.368,-0.188,-0.107
-0.889,-0.179,0.194,1.076,-0.192,-1.317,0.224,-0.752,0.293,-0.994,-0.585,0.064,-0.483,0.916,0.253,-0.242,0.008,-0.415,0.045,-0.131,-0.806,-0.541,-0.331,-0.095,-0.381,-0.715,-0.118,-1.599,-0.05,-1.106,-0.388,-0.277,-1.099,-0.436,-0.118,-0.129,-0.101,-1.353,-0.078,-0.078
0.016,-0.438,0.256,0.011,-0.42,0.285,0.152,-0.656,-0.723,-0.474,-0.392,0.589,-1.407,0.185,-1.027,0.155,-0.372,-0.842,-0.188,-0.075,-0.216,-6.399,-0.028,-0.39,0.097,-1.861,-0.207,-0.081,-0.413,-0.154,-0.1,-0.268,-1.885,-0.281,-1.051,0.832,-0.093,0.239,-0.056,-0.001
0.007,-0.639,0.058,0.288,0.242,-0.048,0.146,0.155,-0.206,0.101,0.03,-0.089,-0.124,-0.195,-0.733,-0.089,-0.299,0.124,0.21,0.314,0.308,-0.829,-1.506,-1.13,-0.558,-0.252,-0.67,-0.539,-1.496,-0.742,-0.323,-0.852,-0.48,-1.168,-1.469,-0.063,0.158,-0.552,-0.252,-0.313
0.714,-1.091,-0.122,0.225,-0.526,1.807,-0.565,0.039,-0.348,-0.142,0.626,-0.006,1.999,0.173,0.285,1.291,0.557,-0.038,0.958,-0.725,0.18,-0.21,0.202,0.07,-0.855,0.602,-0.386,0.118,1.069,-0.132,0.671,0.72,1.804,0.327,0.717,0.613,-0.51,1.004,0.242,-0.233
-0.245,-0.092,0.107,0.483,-0.368,0.172,-0.44,0.269,0.001,0.176,-0.178,0.096,-0.88,1.945,0.554,-0.065,-0.542,0.104,0.032,-0.468,-0.52,-0.417,-0.77,-0.221,-1.494,-1.629,-1.009,-2.205,-0.949,-3.074,-0.888,-1.015,-1.777,0.184,-0.098,-0.575,-0.249,-0.969,-0.09,-0.53
0.994,-1.017,-0.056,-0.141,0.906,0.554,-0.285,0.655,-0.734,0.609,-0.039,-0.399,0.054,-0.086,-0.431,-0.126,-0.163,-0.182,-0.102,-0.37,-0.725,-0.069,-0.8,-1.126,-0.903,-1.717,-0.531,-1.222,-3.023,-1.727,-0.291,-1.072,-0.364,-0.597,-0.878,-1.459,-0.236,-0.32,-0.208,-0.342
-0.112,0.241,-0.968,-0.35,-0.092,-0.78,-0.119,-0.884,0.738,-1.7,-0.439,-0.884,-0.276,-0.058,0.79,-1.54,-0.264,-0.428,-0.102,-0.057,-0.147,-0.191,-1.302,-1.928,-1.234,-1.491,-0.891,-5.702,-3.835,-4.667,-1.248,-2.248,-0.603,-1.674,-2.598,-2.231,-0.386,-2.992,0.025,-0.197
-0.262,3.501,0.345,0.477,0.881,0.745,-0.219,1.441,2.728,-0.504,0.6,0.976,0.755,1.671,1.309,1.462,0.374,-0.614,0.207,1.937,-0.356,-0.611,-0.893,-2.063,0.274,-0.315,0.389,-0.087,-2.112,0.058,0.189,-0.614,2.057,-2.289,-1.657,0.091,0.495,0.257,0.528,1.347
0.48,-6.247,0.688,0.412,0.571,-0.819,0.022,-0.926,0.163,0.147,-0.038,0.81,-0.804,0.297,0.147,0.485,0.025,-0.538,-0.31,-0.19,0.41,-3.15,-1.065,-1.137,-0.738,0.59,0.028,0.007,0.746,-0.543,-0.145,-0.559,-1.145,-0.393,-0.099,-0.3,-0.212,-0.023,-1.057,-0.401
0.229,0.366,-0.043,0.43,0.229,0.467,-0.345,0.424,1.3,-0.555,0.365,0.033,-0.239,0.076,-0.028,0.769,0.899,-0.195,0.107,0.719,-0.159,0.725,0.285,-0.302,0.352,0.115,0.283,-0.312,-0.542,0.496,0.377,0.378,0.467,-0.268,0.715,0.418,0.114,0.476,0.029,-0.178
-0.052,-0.312,-0.427,-0.93,-0.597,-0.306,-0.365,-3.752,-0.98,-1.625,-0.813,-0.4,-0.003,-1.717,-1.215,-0.182,0.059,-2.598,-1.398,-0.194,-0.012,0.129,-0.279,-0.072,-0.289,0.269,-0.049,2.878,1.392,0.87,-0.03,-0.001,-0.051,-0.902,0.231,0.124,-0.561,2.086,-0.588,-0.539
0.151,-2.02,-0.312,-0.536,0.026,-1.543,-0.397,0.49,0.132,-0.612,-0.385,-0.82,0.27,-0.505,-0.442,-0.052,-0.18,0.441,0.1,-0.113,-0.067,2.355,0.726,1.526,0.192,-0.953,0.475,0.646,0.755,0.641,0.582,0.837,-0.93,0.723,0.51,0.001,0.638,0.673,0.03,-0.219
0.353,0.113,-0.624,-0.039,0.349,0.372,-0.487,0.284,0.877,-1.182,0.208,-0.097,-0.589,-0.355,-0.584,0.717,0.783,-0.028,0.188,0.398,-0.042,0.878,-0.174,-1.001,0.346,0.723,0.097,-0.039,-1.672,0.771,0.52,-0.12,1.203,-0.896,-0.399,0.376,0.603,1.05,-0.232,-0.578
0.003,0.017,-0.152,0.069,-1.418,1.792,-0.687,0.244,0.002,-0.129,-0.41,0.117,1.167,0.077,0.143,0.639,0.195,0.131,-1.041,-0.921,-0.115,-3.26,0.38,-0.319,0.123,0.961,0.495,0.75,-1.004,0.497,-0.039,0.25,-0.606,0.03,-0.29,0.027,0.025,0.481,3.788,0.45
-0.066,0.015,2.273,0.014,0.153,-0.226,0.825,-0.568,0.568,0.315,0.191,-0.058,4.095,-0.188,0.096,-0.147,-0.327,-0.204,1.558,2.534,0.143,-0.011,-0.009,-0.163,-1.055,0.347,-0.647,0.177,-0.826,-0.346,-0.436,1.096,-1.53,-0.266,0.096,0.259,0.28,0.211,-1.591,-0.405
-0.378,-0.263,-1.6,-0.319,-1.907,0.074,0.219,-0.734,-0.502,-0.995,-0.351,-1.044,-1.058,-0.425,-0.736,-0.186,0.081,-0.311,-0.577,-0.79,0.417,0.109,-2.307,-3.765,-1.568,0.205,-0.519,-0.477,-0.888,-0.837,-0.38,-0.815,-0.42,-1.261,-1.332,0.214,-0.337,-0.172,-0.077,-0.886
0.084,-0.139,1.897,0.792,-0.269,-0.019,1.208,1.682,0.494,-0.052,-0.5,1.23,1.285,0.302,0.375,0.672,0.311,1.5,-0.45,-0.425,-0.297,-0.334,0.382,-1.074,-1.3,0.662,-0.391,-0.288,-0.624,-0.787,-0.82,-0.617,0.905,-1.135,-0.91,-0.093,-0.029,0.255,-0.13,-0.291
-0.024,-0.278,0.901,0.197,-0.653,-0.127,-0.345,0.587,-0.331,0.125,-0.123,0.044,-0.506,-0.098,-0.207,0.748,0.827,0.877,-0.416,-0.579,-0.19,-0.343,0.04,-2.472,-1.102,0.326,-0.515,-0.528,-1.941,-0.416,-0.323,-0.875,0.342,-2.031,-2.127,0.166,0.017,-0.56,-0.135,-0.16
-0.034,-0.297,1.329,0.236,-0.441,-0.205,-0.592,-0.325,-0.405,-0.476,-0.215,0.718,-0.55,-0.201,-0.343,0.008,0.721,0.114,0.105,-0.613,-0.328,-0.486,-1.425,-2.936,-1.399,0.113,-0.34,-0.092,-1.893,-0.404,-0.103,-1.367,-0.168,-1.56,-1.647,-0.261,0.294,-0.087,-0.197,-0.294
0.013,-0.003,1.815,0.906,-0.356,0.36,-0.029,1.943,-0.056,0.407,0.107,0.488,-0.293,0.322,0.097,0.841,0.871,2.108,-0.382,-0.529,-0.123,-0.301,0.425,-1.704,-0.721,0.529,-0.271,0.958,-1.716,0.013,-0.102,-0.61,0.61,-1.588,-1.723,0.29,0.187,0.874,0.033,0.075
-0.226,-0.231,2.076,0.367,-0.218,0.421,-0.608,-0.229,0.469,-0.304,0.009,0.037,-0.231,0.029,0.453,-0.497,-0.016,0.042,0.621,-0.022,-0.132,-0.161,-0.893,-1.913,-0.706,-0.68,-1.067,-1.147,-1.258,-1.04,-0.312,-0.867,-0.275,-1.126,-1.142,-0.775,-0.081,-0.643,-0.272,-0.228
0.03,-0.478,0.336,-0.216,-0.903,-0.748,1.941,-1.02,-0.376,-0.55,-0.716,-0.081,-1.41,-0.261,-0.131,-0.147,-0.034,-0.829,-0.272,0.068,0.09,-0.275,1.294,-0.105,0.216,-0.241,-0.138,-0.47,-0.119,0.106,-0.117,0.635,-0.485,-0.572,-0.5,-0.093,0.221,0.141,-0.209,0.311
-0.149,-0.762,1.408,-1.061,1.636,0.0,0.128,-0.465,0.22,-0.266,-0.039,-1.083,0.408,-0.303,-0.093,-0.061,0.072,-0.556,1.465,2.834,-0.138,-0.797,-4.111,-1.784,-1.122,0.056,0.017,-0.76,0.701,-1.003,-0.472,0.461,-0.444,-0.207,0.46,0.038,0.028,-0.54,-0.13,-1.136
-0.198,-3.947,3.944,-0.559,-0.058,0.355,-0.737,0.088,0.156,0.155,0.164,0.671,-0.538,-0.145,0.116,0.171,-0.003,0.141,0.462,-0.566,-0.1,2.625,-2.868,-3.572,-1.234,-0.5,-0.007,-0.725,-0.649,-1.021,-0.349,-0.944,0.314,-0.944,-0.556,-0.273,-0.003,-0.361,-0.372,-0.684
-0.127,-0.223,0.717,0.355,0.071,0.074,-0.579,-0.28,-0.152,-0.239,0.054,0.285,-0.331,-0.081,-0.209,0.379,0.33,-0.012,-0.203,-0.531,-0.005,-0.537,-1.597,-1.938,-1.053,-0.385,-0.565,-0.976,-1.064,-1.163,-0.503,-0.759,-0.139,-0.862,-1.101,-0.429,0.006,-0.681,-0.695,-0.409
-0.183,-0.059,0.858,-0.084,-1.086,0.361,0.604,-0.015,-0.312,0.081,0.101,1.403,-0.808,-0.363,-0.553,-0.007,-0.0,0.088,-0.086,-0.667,-0.235,-0.463,-2.591,-5.774,-1.872,-0.148,-0.082,-0.607,-1.016,-1.33,-0.528,-1.586,-0.314,-1.404,-1.153,-0.321,-0.062,-0.324,-0.656,-0.83
0.619,-0.128,1.848,1.047,-0.36,-0.034,1.026,1.525,0.369,0.506,-0.354,0.716,1.597,0.319,0.471,0.56,0.222,0.958,-0.438,-0.558,-0.537,0.148,1.193,-0.309,-1.479,0.741,-0.326,-0.426,-0.624,-0.834,-0.655,-0.477,1.275,-0.606,-0.535,-0.109,-0.096,0.126,-0.101,-0.373
-0.173,0.085,-0.194,-0.507,-0.5,-9.161,-8.226,-1.076,-0.251,-0.705,-0.636,-0.513,-0.028,-0.61,-0.312,-0.585,0.058,-1.184,0.021,-2.334,-0.293,-0.29,-0.032,-0.099,-0.091,-2.616,-6.92,-1.719,-0.073,-1.09,-0.912,-0.477,-0.032,-0.22,-0.164,-0.073,-0.516,-2.066,-0.073,-0.812
0.0,-17.859,-0.909,-1.75,-0.091,-2.25,-0.528,-1.107,-0.818,-0.597,-0.372,-2.677,-0.313,-0.818,-0.404,-0.667,-0.295,-1.071,-0.25,-0.099,-0.2,6.844,0.4,0.85,-0.2,-1.35,0.313,-1.826,0.5,-0.838,-0.61,1.044,0.044,0.5,0.244,0.44,0.05,-2.022,0.15,-0.11
-0.439,-0.427,-0.704,0.26,-1.638,-0.782,0.09,-0.984,0.141,-1.785,-1.63,-0.17,-0.171,0.245,0.045,-0.413,-0.76,-1.019,-0.059,-0.84,0.104,4.635,0.059,0.491,0.215,-0.189,-0.293,-1.292,0.146,-0.47,0.106,-0.068,0.362,0.153,-0.374,0.268,-0.225,-1.409,0.111,-0.02
-0.019,5.012,2.121,-0.528,-1.345,3.296,1.383,-0.679,0.333,-0.334,0.447,-1.852,3.199,-1.842,0.067,0.261,-0.231,-0.706,-1.629,0.924,-0.008,2.299,-1.438,-1.89,1.304,2.385,0.16,-1.51,-2.278,-1.395,-0.295,-2.053,1.201,-1.48,-0.501,0.187,0.575,-0.893,1.55,2.258
0.257,-2.568,-0.609,0.796,-0.547,-2.267,-0.579,1.357,3.154,0.499,2.767,-3.316,0.898,0.281,3.264,-0.372,0.812,1.003,-0.295,0.76,0.122,5.044,-0.79,-0.073,0.694,-0.407,-0.735,-1.075,-0.478,-1.408,-0.365,-1.448,0.798,-0.806,0.699,0.63,0.353,-0.71,-1.25,0.335
-0.458,-0.132,-0.842,0.108,-0.083,-0.602,-0.34,-0.029,-0.149,-0.37,-0.33,-0.152,-0.07,0.4,0.128,-0.121,-0.259,-0.389,-0.287,-0.162,0.389,-0.47,-0.301,-1.951,-0.054,1.108,-1.057,-1.868,-1.872,-0.844,-0.409,0.362,-0.04,-1.308,-0.665,0.131,0.066,-1.246,0.178,0.061
0.309,-0.331,-0.488,-0.155,0.235,-0.462,-0.137,-1.99,-0.393,-0.638,-0.645,-0.871,0.28,0.178,0.039,0.214,-0.198,-1.959,-0.033,-0.221,0.058,-0.391,-2.864,-1.197,-0.813,1.271,-0.603,-1.129,-1.809,-1.376,-0.937,-2.822,-0.131,-0.792,-1.212,-0.264,-0.003,-1.203,-0.268,-0.264
1.899,0.239,-0.155,-0.052,-0.026,-2.045,-0.055,-1.5,-0.587,-1.839,-0.776,-0.3,0.026,-0.171,-0.239,-0.4,0.248,-0.699,-0.102,0.01,-0.378,-0.505,-0.8,-0.286,-0.475,-1.335,-0.324,-1.526,-0.468,-1.455,-0.46,-1.861,-0.134,-0.277,-0.294,-1.263,-0.674,-1.305,0.579,-0.347
-0.618,0.035,-0.5,-0.088,0.517,-0.787,0.405,-1.16,-0.048,-0.917,-0.299,-1.263,-0.235,-0.096,0.134,-0.947,0.126,-0.899,0.274,0.833,-0.272,-0.225,-0.824,-0.785,-1.206,-0.133,-0.261,-1.925,-1.337,-0.864,-0.262,-1.99,-0.755,-0.696,-0.695,-1.38,-0.523,-1.111,-0.073,-0.353
0.386,-5.978,0.671,0.337,0.241,-1.122,0.254,-1.276,0.268,-0.205,-0.263,1.904,-1.412,0.42,0.196,0.743,0.339,-0.934,-0.288,-0.176,0.282,-1.897,-0.627,-0.787,-0.679,0.706,0.09,0.5,1.219,-0.092,-0.074,-0.627,-1.161,-0.201,0.042,-0.26,-0.011,0.256,-0.987,-0.256
-0.083,-3.527,-0.787,-0.259,-0.759,-0.35,-0.035,-0.462,0.072,-0.927,-0.749,-0.44,-1.984,-0.092,0.534,-0.681,-1.51,-0.756,-0.935,-0.65,0.006,-5.496,0.241,-0.892,0.386,-1.591,-0.035,-0.297,-0.137,0.259,0.241,0.844,-1.484,-0.297,-0.658,0.83,-0.682,-0.279,-0.442,-0.08
0.45,-1.073,3.293,1.113,-0.149,3.56,-0.193,0.067,-0.453,0.539,0.344,2.183,2.1,0.413,0.39,-0.158,-0.135,0.976,0.39,0.233,0.186,0.678,1.977,1.312,0.326,1.089,0.507,1.033,0.08,0.491,0.88,0.8,2.421,1.028,0.451,-0.751,0.5,0.679,1.245,-0.547
0.366,0.883,2.646,0.562,0.706,3.198,-0.82,0.146,0.255,0.526,0.686,1.414,1.717,-0.401,0.642,-0.185,-0.535,0.979,0.398,1.524,-0.017,0.454,1.716,0.64,-1.582,0.201,-0.066,0.36,0.328,0.141,0.914,1.121,1.771,1.148,0.618,-0.199,0.627,-0.087,0.697,-0.945
0.049,0.828,2.474,0.346,0.815,3.51,-0.525,0.393,-0.22,0.689,0.277,0.801,1.43,-0.201,0.406,-0.222,-0.673,0.948,0.081,1.699,0.092,1.176,1.564,1.041,-0.909,0.138,0.459,0.481,0.895,-0.057,0.289,1.242,2.149,1.411,0.672,-0.352,0.582,-0.143,1.168,-0.263
-1.138,-2.412,0.404,0.141,0.082,0.027,-0.581,0.88,0.184,2.108,0.653,0.042,-0.21,0.063,0.239,-0.165,-0.017,0.082,0.082,-0.481,-1.645,-5.287,-0.292,-0.17,-0.478,-0.585,-1.003,-2.116,-0.447,-2.051,-0.966,-0.277,-2.491,-0.328,-0.769,-0.507,-0.145,-1.602,-0.085,-0.083
0.478,0.303,-0.743,-0.514,0.508,-1.67,-0.221,-0.383,-1.134,-0.222,-0.196,-0.798,-0.164,-0.446,-1.788,-0.089,0.144,0.077,-0.155,0.157,1.732,0.127,-1.098,-0.779,-0.642,1.196,-0.201,-2.433,-2.008,-1.448,-0.453,-0.727,-0.434,-1.245,-1.51,-0.236,-0.032,-1.386,0.306,0.054
0.339,-0.324,0.025,0.222,0.324,0.843,-0.038,-0.271,0.62,-0.258,-0.185,-0.692,0.152,0.074,0.258,0.577,-0.211,-0.594,1.004,0.176,-0.161,-0.13,-0.407,-0.53,-0.269,-0.173,-0.268,-0.964,-1.442,-0.885,0.384,-0.608,-0.276,-0.462,-0.732,-0.469,-0.441,-0.383,0.018,-0.154
-1.056,-2.181,-0.867,0.125,0.248,-2.58,6.049,-0.472,0.17,-0.441,-0.14,-0.431,0.069,0.276,0.486,0.0,-0.127,-0.437,-0.011,1.67,-4.889,-3.556,-3.173,-1.429,-0.131,-1.025,-8.22,-0.794,-0.056,-1.183,-0.448,-1.794,-0.175,-0.384,0.159,-0.429,-0.432,-1.474,-0.12,-1.215
-1.704,-2.409,-1.404,0.266,0.2,-2.237,5.917,-0.501,0.207,-0.637,-0.237,-0.604,0.124,0.333,0.463,0.0,-0.067,-0.576,0.091,1.563,-3.866,-1.145,-1.938,-0.592,-0.143,-0.688,-7.75,-0.431,-0.02,-0.616,-0.223,-0.973,-0.163,-0.143,0.027,-0.429,-0.357,-0.967,-0.145,-1.402
-2.067,-1.951,-1.738,0.084,0.188,-1.495,5.601,-0.446,0.161,-0.65,-0.246,-0.648,0.111,0.239,0.387,-0.007,-0.05,-0.621,0.11,1.516,-3.603,-0.967,-1.781,-0.449,-0.157,-0.574,-8.553,-0.401,-0.007,-0.539,-0.189,-0.903,-0.143,-0.113,-0.031,-0.407,-0.357,-0.901,-0.158,-1.581
0.351,0.11,-0.583,-0.408,0.667,-1.394,-0.182,-0.682,-0.951,-0.377,-0.571,-0.715,-0.249,-0.213,-1.628,-0.069,0.089,0.001,-0.089,0.138,1.832,-0.111,-0.756,-0.693,-0.787,0.479,-0.222,-2.287,-2.051,-1.321,-0.609,-0.603,-0.783,-1.064,-1.272,-0.084,-0.021,-1.625,0.096,-0.055
-0.06,0.04,0.75,-0.01,0.09,-3.96,-0.09,-0.26,-0.06,0.16,-0.76,0.09,0.14,-0.36,-0.36,0.25,-0.06,-0.71,-0.14,-0.39,-0.027,-0.96,-1.333,-2.16,-2.16,-5.227,-1.307,-10.027,-2.893,-7.84,-2.293,-2.16,-0.427,-4.893,-4.893,-0.667,-0.027,-5.627,0.093,-0.24
-0.442,-2.75,-0.116,-0.547,0.672,-0.826,-0.113,0.745,0.613,1.191,0.677,0.001,0.149,-0.138,0.028,-0.103,0.233,0.685,-0.031,-0.737,0.368,-3.022,-0.311,-0.239,0.046,0.293,0.211,0.645,-0.33,0.554,0.331,0.11,-0.228,-0.038,-0.616,0.139,0.059,0.97,0.061,0.488
1.234,0.494,0.544,0.219,-0.391,0.529,-0.095,0.729,0.041,0.281,0.265,0.098,-0.009,-0.075,0.146,-0.106,-0.441,1.41,-0.119,0.17,-0.009,0.085,-0.694,-1.501,-1.823,0.666,-0.74,-2.522,-2.551,-1.463,-0.475,-0.75,-0.305,-1.154,-0.975,0.186,0.553,-1.292,-0.047,-0.248
-0.117,-0.357,-1.258,-1.64,-1.944,-1.484,-0.24,-1.207,-0.557,-1.98,-1.38,-1.676,-0.44,-2.058,-1.958,-0.519,-0.062,-0.3,-7.6,-0.383,0.307,0.025,0.417,0.376,1.196,0.005,0.306,-0.441,-0.985,-0.441,-0.683,1.043,0.306,0.912,0.356,0.433,0.034,-0.111,12.556,1.028
0.471,0.095,-0.309,-0.423,-0.498,-0.632,-0.155,-2.196,-0.312,-1.119,-1.309,-0.548,-0.468,-0.216,-0.222,-0.728,0.068,-1.627,-0.018,-0.139,-0.114,-0.07,-0.202,-0.68,-0.105,-0.191,-0.122,0.5,-1.922,-0.287,0.157,-0.056,-0.546,-0.388,-0.76,-0.577,0.016,0.551,-0.09,0.023
0.622,0.285,-0.274,-0.164,-0.281,-0.455,-0.1,-1.594,0.386,-0.708,-1.152,-0.323,-0.059,0.009,0.028,-0.38,0.111,-1.34,0.006,-0.095,-0.004,-0.149,-0.201,-0.871,-0.252,-0.111,-0.178,-0.492,-3.025,-0.607,-0.0,-0.208,-0.211,-0.396,-1.345,-0.497,0.044,-0.137,-0.144,0.002
0.829,0.376,-0.485,-0.538,-0.388,-0.271,-0.234,-1.32,-1.166,-0.485,-0.607,-0.278,-0.268,-0.225,-0.349,-0.378,0.153,-0.887,0.024,-0.024,-0.116,-0.646,-0.857,-1.36,-0.989,-0.546,-0.52,-2.568,-5.197,-2.448,-0.916,-0.976,-0.367,-0.934,-1.959,-1.0,0.01,-2.376,-0.008,-0.068
0.337,0.381,-0.562,-0.734,-1.571,-1.461,-0.115,-0.982,-2.291,-0.963,-0.61,-0.479,-0.317,-0.314,-0.849,-0.519,0.291,-0.068,-0.056,-0.502,1.008,-0.456,-1.017,-1.562,-1.589,-2.122,-0.52,-3.664,-6.174,-2.435,-0.922,-1.249,-0.374,-1.182,-2.32,-1.171,0.124,-3.022,-0.014,-0.066
0.556,0.076,-0.803,-1.259,-1.774,-0.86,-0.264,-1.123,-4.492,-0.825,-0.159,-0.847,-0.102,-0.885,-1.613,-0.395,0.256,-0.376,-0.08,-0.35,1.535,-0.243,-2.034,-1.589,-1.567,-2.156,-0.546,-4.596,-4.031,-3.174,-1.414,-1.35,-0.454,-0.807,-0.867,-1.028,0.129,-3.767,-0.285,-0.565
-0.667,-0.073,1.252,1.761,1.055,1.132,-1.103,5.155,2.479,4.253,1.171,1.772,0.412,0.979,3.191,1.412,-0.384,1.526,0.017,-0.323,3.547,0.783,0.827,0.937,0.437,1.434,8.0,3.111,-0.337,2.832,0.596,1.523,0.313,1.434,2.344,1.625,0.309,1.68,-0.034,0.61
0.189,-0.023,-0.361,-0.252,-0.272,-1.202,-0.53,-1.123,-0.238,-1.051,-0.399,-1.088,0.0,-0.365,-0.3,-0.281,0.035,-0.754,0.219,-0.476,1.029,0.119,-0.279,-0.36,-0.433,-2.693,-0.145,-2.561,-1.41,-3.543,-1.192,0.499,-0.211,-0.1,-0.263,-0.2,0.028,-0.903,0.033,-0.212
0.027,-0.182,-0.111,-0.107,-3.443,-0.083,0.554,-1.293,-0.889,-0.662,-0.443,-0.01,-3.699,0.643,-0.25,-0.116,-0.049,-0.493,-1.254,-2.151,0.135,-0.035,-1.125,-1.265,-7.46,-0.375,1.51,-0.185,-1.75,-0.865,-0.098,-1.722,-3.473,-1.552,-1.0,-0.56,-0.185,1.015,-2.31,-3.44
0.028,-0.182,-0.101,-0.107,-4.116,-0.107,0.667,-1.057,-0.889,-0.338,-0.307,0.271,-3.699,0.373,-0.25,-0.043,-0.049,-0.333,-2.743,-2.083,0.25,-0.035,-1.403,-1.265,-8.41,-0.14,1.25,0.235,-1.75,-0.435,0.06,-2.44,-3.473,-1.635,-1.0,-0.76,-0.185,1.5,-4.41,-3.438
0.227,-0.182,-0.227,-0.107,-3.177,0.179,0.532,-0.04,-0.889,0.333,-0.083,-0.25,-3.699,0.301,-0.25,-0.107,-0.049,0.396,4.434,-2.04,0.085,-0.035,-1.835,-1.265,-3.86,-0.06,1.21,1.51,-1.75,0.375,0.188,-2.563,-3.473,-0.873,-1.0,-0.99,-0.185,1.865,-13.26,-2.84
-0.017,-0.021,-0.087,0.003,0.046,-0.143,-0.301,-0.333,-0.002,-0.318,-0.144,-0.143,-2.237,-0.011,-0.48,-0.018,0.019,-0.161,0.003,-0.185,-0.015,-0.097,-0.609,-0.02,-3.808,-0.009,-0.132,-0.725,0.545,-1.049,-0.425,0.157,-14.521,0.259,1.565,-0.041,-0.031,-0.03,-1.246,-1.839
0.069,-12.306,-0.33,-2.556,0.286,-0.038,-2.145,-0.152,-4.538,-0.038,0.0,-2.0,-0.33,-2.286,-7.759,0.036,0.016,-0.002,-5.145,0.551,0.328,14.495,0.479,2.182,-1.5,-0.005,2.182,-0.021,4.078,-0.005,0.0,1.833,0.479,1.833,2.688,0.333,-0.005,-0.172,14.203,-3.443
0.228,-22.822,-0.089,-2.8,2.0,-0.15,-2.606,-0.6,-3.889,-0.15,0.0,-1.2,-0.089,-2.472,-5.289,0.311,0.111,-0.472,7.65,2.361,-0.222,16.611,0.361,3.0,-1.25,0.0,2.194,0.0,5.611,0.0,0.0,1.75,0.361,2.486,4.611,-0.056,-0.056,-0.264,-3.25,-2.347
-0.15,-21.6,-0.306,-2.956,-0.15,-0.15,-0.972,-0.6,-5.95,-0.15,0.0,-1.35,-0.306,-2.4,-6.6,-0.022,0.0,-0.356,-0.15,0.0,0.0,0.0,-0.056,-0.056,0.0,0.0,-0.056,0.0,-0.5,0.0,0.0,0.0,-0.056,0.0,-0.5,-0.056,0.0,-0.056,0.0,0.0
-0.058,-1.822,1.525,0.917,-0.859,-0.431,-0.831,-0.892,-0.226,-0.609,-0.354,0.266,0.077,0.312,0.302,-0.066,0.077,-0.671,0.063,-1.863,-0.105,0.187,1.136,1.033,-0.825,0.04,1.298,0.287,-0.247,0.238,0.158,-0.681,0.364,0.507,-0.386,-0.362,0.237,0.377,-0.782,-1.279
-0.007,0.111,-0.256,-0.138,-1.487,-1.059,-0.168,-0.781,0.039,-1.519,-0.591,-0.325,-0.235,-0.132,-0.118,-0.378,0.0,-0.235,-0.315,-0.647,-0.326,-0.264,-0.932,-1.863,-2.61,-0.375,-0.455,-2.166,-5.355,-2.666,-0.562,-1.056,-0.632,-1.344,-3.125,-0.782,-0.063,-0.702,-0.712,-1.188
-0.184,-0.291,0.092,0.777,-0.312,0.08,0.201,1.042,1.071,1.042,0.634,0.1,-0.037,0.471,1.532,-0.05,-0.477,0.693,-0.173,-1.443,0.144,0.495,-0.194,0.099,1.568,-0.647,0.242,-0.428,-0.344,-0.275,-0.568,0.624,-0.031,0.121,-0.026,0.13,-0.253,-0.699,0.142,0.458
-0.889,0.079,-0.134,-0.299,-7.307,-0.71,-0.643,-1.444,-1.173,-0.907,-0.333,-0.196,-0.583,-0.446,-0.129,-0.556,-0.083,-0.668,-2.16,-2.271,-0.5,0.077,-0.49,-1.823,-8.015,-0.198,-1.123,-0.25,-6.54,-0.19,-0.125,-0.99,-1.188,-1.965,-4.865,-0.75,-0.25,0.122,-4.61,-2.56
1.755,1.09,0.213,-0.199,-0.089,-0.767,-1.127,0.418,-0.079,0.332,0.123,-0.415,-0.915,-0.421,0.03,0.661,0.355,0.223,-0.09,-0.361,0.85,0.554,0.171,-0.246,0.162,0.116,-0.207,0.073,-1.235,-0.073,-0.116,-0.29,-0.29,-0.038,-0.634,0.162,0.018,-0.129,-0.008,-0.032
0.192,-0.004,-1.176,-0.438,-0.406,-1.099,-0.311,-0.886,0.034,-2.099,-0.693,-0.207,-2.669,-0.211,-0.269,0.208,0.076,-0.207,-0.113,-0.152,-0.687,-0.322,-0.468,-0.454,-0.361,-0.639,-0.889,-0.904,0.071,-1.063,-0.351,-0.214,-1.891,-0.472,0.086,-0.347,-0.332,-0.669,-0.043,-0.054
-0.917,0.58,-0.164,0.169,-0.183,-1.416,0.058,-0.032,3.035,-1.738,-0.763,0.296,-0.333,0.332,0.734,-0.777,-0.028,0.442,-0.375,-0.098,-0.994,-0.451,-0.157,-0.405,-0.183,-0.27,-0.081,-0.327,-2.623,-0.338,-0.089,-0.366,-0.043,-0.322,-0.737,-0.056,-0.03,-0.183,-0.348,-0.031
-2.503,0.42,-0.123,0.313,-0.121,-2.167,0.083,-0.019,3.34,-2.186,-0.998,0.394,-0.376,0.42,0.884,-1.043,-0.085,0.489,-0.256,-0.083,2.288,-0.201,0.003,-0.383,-0.086,1.739,-0.043,0.414,-2.996,2.153,0.875,-0.462,0.192,-0.386,-0.902,0.729,0.082,-0.118,-0.692,-0.053
-1.318,0.058,-0.525,-0.412,-0.261,-1.229,-2.752,-1.417,2.59,-3.458,-1.139,-0.498,-0.339,-0.023,0.252,-0.709,-0.127,-0.56,-0.375,-0.332,-1.099,-0.793,-0.749,-1.205,-0.379,-0.242,-2.96,-1.217,-3.126,-1.652,-0.437,-1.475,-0.17,-0.744,-1.362,-0.152,-0.045,-0.647,-0.348,0.222
-2.499,-0.17,-0.109,0.166,-0.233,-1.174,-0.724,-0.439,2.86,-1.482,-0.515,0.087,-0.557,0.239,0.669,-0.668,-0.194,-0.166,-0.223,-0.376,2.543,-0.345,-1.168,-1.54,-0.88,0.514,-2.756,-2.506,-3.423,-3.875,-1.075,-1.391,-1.543,-0.857,-1.275,0.425,0.144,-1.145,-1.307,-0.065
-1.582,-0.17,-0.109,0.166,0.017,-1.174,-0.349,-0.439,0.61,-1.565,-0.64,0.129,-0.349,0.155,0.419,-0.293,0.014,0.084,0.402,0.457,2.325,-0.345,-1.168,-1.627,-1.054,0.514,-2.365,-2.506,-3.683,-3.657,-0.944,-1.347,-1.63,-0.9,-1.362,0.294,0.1,-1.101,-1.35,-0.238
-2.082,-0.17,-0.109,-0.001,-0.4,-1.174,0.026,-0.439,-0.14,-1.398,-0.515,0.254,-0.557,0.072,0.169,-0.585,-0.111,0.001,-0.223,-0.376,-0.066,-0.736,-0.994,-1.192,-0.662,-0.008,-2.713,-2.419,-2.64,-3.701,-1.075,-1.13,-1.543,-0.683,-0.884,0.121,0.013,-1.319,-1.307,-0.065
0.327,-0.12,-0.249,-0.606,-0.572,-2.013,-0.086,-1.872,-1.423,-1.206,-0.65,-0.584,-0.242,-0.73,-0.925,-0.218,1.0,-1.104,-0.899,-0.296,-0.018,0.125,-0.347,-0.747,-0.979,4.364,-0.215,-1.909,-1.777,-0.459,0.136,-0.458,-0.38,-1.27,-1.208,-0.53,-0.163,-0.935,0.084,0.041
-0.089,-0.258,-0.643,-0.664,-1.067,-1.918,-0.271,-2.599,-1.022,-2.359,-0.914,-1.111,-0.337,-0.326,-0.18,-0.705,0.99,-1.646,-0.725,-0.08,-1.105,0.406,-0.682,-0.812,-0.982,1.46,0.01,-0.963,-1.217,-1.883,-0.483,-0.42,-1.012,-0.548,-0.472,-1.622,-0.271,0.237,0.145,0.225
-0.481,-0.147,-0.366,-0.012,-0.899,0.385,0.062,0.396,0.766,-0.789,-0.15,-0.118,-0.944,0.174,-0.176,-0.408,0.033,0.329,-0.531,-0.726,-0.029,-0.153,-0.381,-0.998,-1.616,-0.738,-0.254,-0.303,-2.543,-1.399,-0.392,-0.305,-1.732,-0.832,-2.71,-0.039,-0.078,0.479,-0.971,-0.844
-0.02,0.07,0.318,0.224,-0.132,0.07,0.002,0.052,-0.246,0.603,-0.159,-0.125,-9.002,-0.199,-1.636,0.051,-0.005,0.218,-0.697,-0.324,-0.012,-0.066,0.253,-0.021,0.237,-0.066,-0.382,-0.953,-1.172,0.158,0.314,-0.243,7.708,0.284,-3.02,0.035,-0.003,-1.324,-0.536,0.137
-0.357,-0.027,-1.335,-0.71,-3.043,0.274,0.374,2.461,-1.263,1.341,0.248,-0.537,-10.037,0.056,2.384,-0.681,-0.089,1.519,-21.504,-2.704,0.284,0.053,0.717,0.606,1.151,-0.017,-0.031,-0.155,0.698,-0.27,-0.144,0.535,-3.471,0.136,-0.435,0.45,0.071,0.125,15.347,1.262
1.277,0.201,-0.375,0.012,1.457,-1.724,-2.728,-0.723,0.505,0.019,0.073,-0.505,0.007,0.127,0.357,-0.228,-0.25,-0.573,-0.701,0.169,-0.894,-0.435,-1.08,-1.33,-1.785,0.619,-6.072,-1.501,-1.991,-0.972,-0.395,-1.882,-0.36,-1.038,-0.821,-1.086,-0.304,-1.744,-0.52,-1.627
0.958,0.207,-0.105,-0.087,0.151,0.515,0.041,0.892,-0.121,0.14,0.047,-0.188,-0.302,0.034,-0.07,0.839,1.386,0.884,-0.733,-0.073,-0.249,-0.233,-1.114,-1.265,-1.335,-0.496,-0.283,-2.628,-3.001,-1.754,-0.422,-1.692,-0.739,-1.009,-1.094,-1.704,-0.312,-1.492,-0.342,-0.29
0.0,-0.256,-0.011,-0.358,1.028,-1.515,-2.0,-3.375,-0.306,-2.972,-1.056,-0.367,0.003,-0.472,-0.75,-0.014,-0.062,-1.951,0.262,0.258,0.0,0.414,0.531,-0.088,-1.079,1.092,1.429,3.714,-2.079,5.635,1.73,0.748,0.039,-0.651,-6.143,0.159,-0.078,1.764,-0.972,-1.887
-0.015,-0.556,-0.372,-1.117,-1.25,-2.062,-1.117,-4.826,-1.96,-4.025,-1.056,-1.25,-0.139,-1.108,-5.978,-0.187,-0.015,-3.025,-0.139,-0.187,-0.019,0.635,0.674,0.748,1.429,1.002,0.748,4.875,0.616,6.102,1.73,1.429,0.159,0.34,1.907,0.24,-0.019,2.801,0.016,0.24
-0.625,0.684,-0.056,0.198,1.401,-1.222,-0.812,-0.775,1.67,-1.807,-0.988,0.694,-0.215,0.494,6.225,-0.5,-0.002,0.698,0.494,0.028,-2.286,-0.247,0.349,0.69,-0.242,0.397,-0.046,2.007,0.864,3.965,1.282,0.54,-0.078,0.446,2.848,-0.286,-0.289,0.483,-0.697,-2.317
-0.015,0.012,0.319,-0.025,0.028,-1.0,-0.025,-1.431,-0.306,1.827,0.5,0.028,0.003,-0.201,-0.75,-0.014,-0.015,-1.0,0.003,-0.014,-0.019,0.155,0.349,-0.564,0.349,1.143,-0.564,1.683,-2.079,2.716,1.0,0.349,0.039,-1.205,-6.143,0.159,-0.019,0.571,-0.104,0.159
-0.389,0.111,0.063,0.216,-1.556,-3.765,1.272,0.0,-0.816,-0.127,-0.264,0.623,-0.056,0.216,-0.062,-0.664,-0.139,0.364,-0.011,-1.613,-3.937,-1.413,0.208,-0.379,-1.841,0.901,-1.347,-0.857,-1.501,-0.591,-0.127,-0.305,-0.603,-0.379,-0.808,0.118,-0.222,-1.104,-0.406,-0.734
-0.495,-0.296,1.062,0.38,-0.322,-0.66,0.063,0.294,1.131,-0.204,-0.066,-0.209,-0.222,0.491,0.914,-0.671,-0.801,0.288,-0.248,-1.114,-1.005,0.109,-2.261,-1.383,-3.21,-1.188,0.313,-1.634,-1.668,-1.896,-0.353,-1.501,-0.231,-0.731,0.785,-0.754,0.394,-1.007,-0.902,-2.44
-0.252,-0.009,-0.04,0.07,-0.893,-1.34,0.064,-0.448,-0.583,-0.423,-0.407,-0.162,0.144,-0.709,-1.078,-0.565,-0.423,-0.13,-0.181,-0.423,0.06,-0.397,1.293,-0.223,-0.229,0.278,-0.809,-0.891,0.422,-0.604,0.011,-0.212,-0.401,-0.7,-0.123,0.322,0.388,-0.416,0.574,0.842
-0.404,0.066,-0.877,-0.86,-1.93,-0.891,0.289,-0.383,-1.749,-0.743,-0.726,-1.25,0.193,-0.415,-2.303,-1.153,-0.167,-0.069,-3.167,-1.95,0.551,-0.094,0.479,-0.793,1.174,-0.062,-0.789,-0.24,-1.969,-0.097,-0.556,0.545,0.169,-0.563,-0.906,2.197,0.455,0.038,1.364,0.57
0.41,-0.022,-0.387,-0.367,0.146,0.306,-0.692,-0.667,0.671,-0.888,-0.395,0.064,1.89,1.845,0.565,-0.446,-0.276,-0.161,0.049,0.391,0.865,-0.346,-0.507,-0.152,0.742,0.839,-0.394,-0.105,0.511,0.239,-0.436,0.231,0.301,1.368,0.049,0.755,-0.186,-0.692,0.12,0.013
0.385,-0.079,-0.479,-0.368,0.151,0.374,-0.575,-0.634,0.738,-0.785,-0.348,0.153,1.848,2.001,0.754,-0.274,-0.35,-0.149,0.035,0.375,0.785,-0.383,-0.114,0.152,0.711,0.793,-0.385,0.14,0.29,0.502,-0.197,0.443,0.286,1.36,0.001,0.676,-0.198,-0.512,0.059,-0.007
0.071,0.197,-0.077,0.128,0.831,0.521,0.543,0.521,0.197,0.475,0.313,-0.091,1.455,0.524,0.336,0.01,-0.061,0.159,0.135,0.227,-0.432,0.047,-0.198,0.782,0.029,-0.347,-0.061,-0.264,0.667,-0.495,-0.179,-0.124,-1.875,1.128,0.994,-0.82,-0.314,-0.151,-0.186,-0.247
-0.221,-0.016,0.507,0.316,0.013,-0.869,0.346,0.865,0.513,0.348,0.269,-0.059,-0.105,0.783,0.854,-0.658,0.056,1.298,-0.648,-0.338,-0.943,0.688,-0.312,-1.135,-1.472,-2.785,-0.077,-1.496,-1.284,-1.878,-0.677,-0.313,-0.389,-1.899,-1.064,-2.024,0.105,-0.041,-0.631,0.094
-1.092,0.373,0.552,0.762,-0.866,-3.054,3.444,0.132,0.061,-1.503,-2.146,1.472,-0.159,1.135,0.274,-0.764,-0.166,0.66,-0.052,-0.459,-0.533,0.195,0.671,0.214,-0.892,4.194,2.006,2.044,-0.292,2.899,1.961,1.322,-0.137,0.472,0.558,0.109,-0.079,1.6,-0.357,-0.079
0.045,0.105,0.01,0.063,-0.15,-1.493,0.097,-0.42,1.618,-1.543,-0.593,0.101,-0.434,0.168,0.581,0.218,-0.011,-0.514,-0.044,-0.116,0.4,-0.951,-1.257,-1.223,-2.159,-7.333,-0.751,-7.833,-1.806,-6.479,-3.3,-2.95,-1.404,-0.688,-0.339,-1.711,0.043,-6.307,-0.093,-0.74
0.47,0.244,0.946,0.247,0.869,0.192,0.692,0.484,-0.443,0.891,0.262,-0.357,1.125,-0.107,0.131,0.136,-0.109,0.261,-0.187,0.661,-0.354,-0.181,-1.638,-0.934,0.229,0.558,-1.31,-0.82,-0.54,0.467,0.317,-2.167,0.905,-1.121,0.379,-0.601,-0.305,-0.322,-0.423,-0.978
0.102,0.44,0.236,-0.31,-0.375,2.824,0.254,-0.125,-1.69,0.129,-0.056,-0.486,-0.528,-1.567,-1.495,0.36,-0.295,-0.239,-0.207,-0.286,-0.193,-3.855,-0.956,-0.286,-0.71,-1.233,-0.672,-0.247,-0.175,-0.604,-0.168,-1.07,-0.78,-0.372,-0.477,-0.707,0.015,-0.162,-0.765,-1.562
0.099,0.287,0.274,0.049,-0.458,0.071,-0.31,-2.595,0.006,-0.471,-0.975,0.413,1.55,-0.098,-0.089,-0.191,-0.41,-1.654,0.463,-0.25,-0.027,-3.711,-0.482,-0.412,-0.06,-2.207,-0.178,0.605,-0.728,-0.496,-0.211,-1.233,-1.018,-0.539,-1.879,-0.167,-0.519,-0.215,-0.454,0.179
-0.091,-0.091,-0.296,-0.751,-0.152,-0.023,-0.233,1.017,-4.386,1.111,0.358,-0.751,0.535,-0.392,-1.707,-0.531,-0.841,0.28,-2.96,-0.531,-0.6,-0.1,-1.818,-1.626,-2.968,-0.443,-0.037,-1.988,-1.45,-3.456,-1.163,-2.06,-1.922,-0.912,-0.556,-2.443,-0.8,-0.068,-1.913,-1.001
-1.197,-0.309,-0.497,-0.578,-0.052,-0.85,0.077,-1.061,-1.294,-1.112,-0.344,-0.757,0.085,-0.152,-0.669,-1.17,-0.482,-0.69,-0.768,-0.468,-1.062,-0.799,-2.086,-1.836,-2.489,-1.195,-0.473,-2.149,-2.578,-3.321,-0.769,-3.521,-0.662,-1.022,-1.81,-1.75,-0.354,-1.055,-1.197,-1.008
-2.762,-0.354,-0.095,-0.456,-0.331,-0.863,-0.095,-1.11,-1.25,-0.871,-0.949,-0.083,-0.307,-0.429,-0.862,-0.524,-0.145,-0.471,-0.0,-0.074,0.131,-0.322,-0.257,-0.153,-0.362,-3.13,-0.05,-2.271,-1.0,-1.292,-0.466,-0.58,0.099,0.0,-0.207,0.143,0.091,-1.426,-0.058,-0.115
-2.594,-0.25,-0.089,0.193,0.13,-0.998,-3.235,-0.156,2.576,-1.085,-0.48,-0.249,-0.12,0.2,0.53,-0.514,-0.179,-0.249,-0.033,-0.32,-0.49,-0.463,-0.223,-0.271,0.13,0.126,-3.832,-0.723,-0.268,-1.008,-0.292,-0.701,0.089,-0.196,-0.267,0.158,-0.063,-0.701,0.037,-0.167
-2.194,0.205,-0.033,0.082,-0.418,-1.466,-1.099,0.151,-0.735,-0.895,-0.48,0.465,-0.366,0.151,0.173,-0.864,-0.099,0.465,-0.132,-0.64,-0.41,-0.719,-0.172,-0.393,0.105,0.639,-3.771,-0.704,-1.216,-0.216,0.083,-0.871,0.16,-0.347,-0.581,0.359,-0.098,-0.871,0.04,-0.25
-1.28,0.07,0.048,0.147,-0.169,-0.678,-1.695,0.24,-0.187,-0.157,-0.159,0.222,-0.159,0.127,0.173,-0.415,-0.083,0.222,-0.07,-0.52,-1.583,-0.915,-0.755,-1.072,-0.181,-0.374,-4.819,-2.208,-1.566,-3.359,-0.94,-1.415,-0.107,-0.633,-0.944,-0.152,-0.129,-1.415,0.001,-0.119
-3.818,0.454,-0.42,-0.319,-0.42,-2.883,-0.052,-0.532,2.023,-3.43,-1.388,0.366,-0.707,0.087,0.397,-1.639,-0.132,0.458,-0.186,-0.148,4.143,0.246,0.92,0.707,0.92,2.879,0.209,2.335,-0.598,5.547,1.919,0.391,0.751,0.074,-0.036,1.656,0.189,0.496,0.177,0.22
-0.289,-0.672,-0.8,0.128,-0.35,-0.8,-0.289,-4.289,-0.156,-1.622,-0.622,-1.622,0.161,-0.156,-0.2,-3.039,-0.756,-4.156,-0.089,-0.156,-0.389,-1.681,0.25,-0.597,0.25,-0.5,-0.056,3.111,-0.222,1.111,0.444,0.778,-0.056,-0.222,0.0,0.403,0.611,2.944,-0.056,0.111
-0.15,-10.139,0.178,-0.422,-0.75,-2.089,-0.039,0.0,-0.572,-0.006,-0.806,-0.106,-0.45,-1.0,-0.572,-0.222,-3.156,-0.439,-0.222,-0.139,-0.125,15.819,-0.556,-0.056,-3.25,-5.139,0.194,-2.25,-0.056,-2.889,-3.431,-0.806,-0.25,0.0,-0.056,-0.389,0.194,-0.931,-0.222,-1.639
-0.089,-10.6,0.178,0.128,-0.15,-1.156,0.044,-0.739,0.05,-0.05,-0.022,0.4,0.05,0.05,0.05,-0.072,-2.172,-0.572,-0.089,-0.006,-0.056,14.5,-0.556,-0.264,-1.0,-8.389,-0.139,-7.306,-0.25,-4.25,-1.889,-1.25,-0.25,-0.25,-0.25,-0.556,-0.139,-4.097,-0.056,-0.472
0.659,0.141,-0.142,-0.129,-0.162,-0.167,-0.199,-1.528,-0.366,-0.364,-0.281,-0.364,0.141,-0.198,-1.387,-0.25,0.131,-1.192,-1.847,-0.199,-0.2,-0.022,-0.113,-0.693,-1.056,-0.118,0.044,2.362,-1.806,1.1,0.574,-0.8,-0.256,-0.751,-3.31,-0.1,0.037,3.278,-2.188,-0.489
0.485,0.316,-0.851,-0.405,0.337,-1.249,-0.262,-0.622,-0.943,-0.54,-0.615,-0.823,-0.762,-0.305,-1.628,-0.089,0.062,-0.12,-0.197,0.12,1.884,0.157,-1.039,-0.72,-0.821,0.12,-0.029,-2.252,-1.767,-1.404,-0.572,-0.631,-1.108,-1.171,-1.246,-0.05,0.006,-1.396,-0.293,-0.13
-0.088,-0.07,-0.231,-0.473,-1.507,-2.757,-0.07,-0.662,-1.655,-0.627,-0.323,-0.427,-0.419,-0.154,-0.504,-0.237,-0.193,-0.643,-3.372,-0.627,0.088,-0.003,-0.25,-1.072,-2.944,3.509,0.193,0.053,-4.026,0.071,0.253,-0.575,-0.658,-1.102,-1.676,-0.275,-0.002,0.648,-1.406,-0.554
-0.193,-0.017,-0.053,-0.091,-2.138,-1.011,0.024,-0.356,-0.256,-0.319,-0.169,0.153,-3.628,-0.146,-0.039,-0.017,-0.193,-0.489,-8.399,-1.501,0.105,0.141,0.242,-0.138,-0.609,0.148,0.123,0.134,-0.508,0.237,0.253,0.398,-2.527,-0.276,-0.121,0.213,-0.002,0.315,-0.793,0.534
-0.111,-0.017,-0.053,-0.267,-6.0,-0.847,0.096,-0.841,-1.241,-0.344,-0.212,0.194,-3.303,-0.328,1.449,-0.094,-0.193,-0.215,-1.507,-2.014,0.068,0.141,0.141,-0.043,1.5,0.428,0.083,1.35,-0.14,0.742,0.417,0.338,-2.026,-0.164,-0.646,0.105,-0.002,0.767,-0.146,0.755
-0.079,0.093,0.621,0.084,1.047,1.231,-1.944,0.42,-0.156,0.302,-0.086,3.283,-4.145,-0.41,-1.956,0.457,-0.003,0.397,-0.173,0.067,-0.078,0.086,-0.056,-0.085,-0.782,1.025,-0.377,1.361,0.11,0.684,0.54,0.823,2.825,-0.164,0.438,0.123,-0.0,1.406,-0.563,-1.511
-0.059,-0.007,-0.177,-0.3,-0.285,-1.494,-0.031,-1.804,-0.854,-1.197,-0.577,-1.261,-0.314,-0.237,0.216,0.005,0.323,-1.216,-0.098,-0.053,-0.326,-0.062,-0.864,-0.273,0.918,1.959,0.039,-0.022,0.075,-0.298,-0.043,-1.506,0.1,-0.105,-0.403,-0.047,0.051,-0.517,0.199,0.391
0.066,-0.11,-0.137,-0.677,-0.917,-0.16,-0.72,-0.284,-2.554,-0.507,-0.169,-0.348,-0.239,-0.457,-1.087,0.166,-0.882,0.173,-0.944,-0.52,-0.798,-0.188,-1.144,-0.999,-1.959,-0.494,-0.782,-1.691,-2.082,-1.154,-0.525,-2.067,-0.553,-0.936,-0.98,-2.116,-0.962,-1.136,-0.634,-0.674
-0.031,-0.729,0.596,0.305,0.367,-0.862,-1.301,0.199,0.713,0.868,0.282,0.422,-0.004,0.042,-0.068,0.455,0.201,-0.14,0.057,-1.07,0.06,2.592,0.381,0.697,1.852,-1.409,0.195,0.11,-0.073,-0.087,-0.178,0.797,-0.037,0.633,-0.547,0.467,0.52,-0.128,0.41,0.966
-0.632,-0.548,-0.087,-0.791,-1.176,-3.018,-0.517,-1.533,0.43,-0.459,-0.081,0.298,0.079,-0.275,-0.119,0.444,0.039,-1.177,-0.689,-0.632,-0.258,-0.002,-1.611,-2.246,-3.468,0.482,-0.151,-3.031,-3.301,-2.349,-1.363,-2.276,-0.533,-1.004,-1.305,-1.601,0.141,-1.294,-0.942,-0.327
0.665,-0.191,-0.181,-0.476,-0.458,-0.463,-0.664,-0.878,-1.061,-0.991,-0.317,-0.485,-0.061,-0.435,-4.065,-0.277,0.003,-0.559,-0.397,-0.853,0.46,0.374,0.286,0.112,-1.142,-1.232,0.156,-1.8,0.616,-1.482,-0.654,0.473,0.101,0.123,1.844,0.646,0.025,-1.09,-0.153,-0.711
-0.479,-0.08,0.172,-0.079,-0.914,-1.067,-1.652,-0.207,0.276,-0.164,-0.078,0.081,0.013,0.103,0.913,-0.371,-0.144,-0.066,-0.349,-1.962,0.215,-0.015,-0.03,-0.733,-1.638,-0.244,-4.864,-0.07,-1.445,0.066,0.066,-0.004,-0.071,-0.57,-2.319,0.1,0.051,-0.149,-0.442,-1.998
-0.154,0.153,-0.224,0.119,-1.07,-0.274,-0.102,0.214,1.14,-0.176,0.0,-0.301,-0.171,0.215,0.84,-0.716,-0.154,-0.231,-0.542,-1.131,-0.001,-0.406,-1.117,-1.742,-3.241,-0.497,0.117,-2.459,-5.209,-3.548,-0.833,-0.98,-0.466,-1.075,-3.465,-0.765,-0.001,-0.816,-0.793,-1.533
-0.704,-0.415,-0.167,-1.087,-1.739,-2.611,-1.058,-2.352,0.277,-0.807,-0.266,0.171,-0.086,-0.37,-0.009,0.391,-0.046,-1.874,-1.258,-0.451,0.002,-0.009,-1.944,-2.73,-4.919,-0.2,-1.002,-5.568,-5.113,-2.894,-1.791,-2.531,-0.652,-1.855,-1.84,-1.595,0.051,-2.578,0.901,0.103
-0.533,-0.174,-0.486,-1.127,-2.507,-2.013,-0.718,-0.898,0.227,-0.354,-0.354,-1.205,-0.1,-0.409,0.009,0.091,-0.136,-0.563,-1.258,-0.82,0.138,-0.234,-1.903,-2.625,-4.728,-2.689,-1.026,-5.131,-5.013,-2.752,-1.047,-2.875,-0.428,-1.943,-1.863,-1.429,-0.048,-2.477,0.901,-0.046
-0.583,-0.293,-0.048,0.095,-1.184,-1.969,-0.096,-0.993,-0.285,-0.38,-0.175,-0.203,-0.0,0.091,0.055,0.033,-0.061,-0.872,-0.236,-0.5,0.225,-0.309,-0.601,-1.85,-3.891,3.183,-0.056,-0.921,-6.453,-0.786,0.099,-1.003,-0.65,-1.455,-2.23,-0.322,0.085,0.56,-0.428,-0.867
-0.002,-0.009,0.0,-0.074,0.016,-0.002,-0.234,-0.08,-0.484,0.027,0.016,-0.234,-1.627,-0.234,-2.377,-0.002,-0.002,-0.286,-0.02,0.0,-0.005,-0.021,0.0,-0.047,-0.005,-0.005,-0.13,-0.188,-0.255,-0.021,-0.005,-0.13,-0.422,-0.13,-1.172,-0.005,-0.005,-0.333,-0.005,0.0
0.111,0.257,-0.146,0.162,0.134,2.974,0.294,0.556,1.0,0.285,0.262,-0.221,-0.006,0.499,4.077,-0.553,0.23,0.469,0.053,0.066,-0.081,-0.014,-0.043,-0.173,-0.008,-1.865,-0.245,0.038,-0.833,-0.025,-0.051,-0.003,-0.001,-0.442,-3.0,-0.102,0.011,-0.054,-0.027,-0.013
-0.837,0.074,-0.439,-0.325,-1.92,-5.118,-1.073,-1.841,0.176,-2.547,-0.978,-0.715,-0.249,-0.281,-0.002,-0.831,-0.007,-1.065,-0.221,-2.116,0.547,-0.926,-0.499,-1.889,-0.221,-0.063,-4.502,-2.933,-5.375,-2.041,-0.697,-0.826,0.054,-2.285,-9.556,0.492,0.173,-2.66,-0.08,0.073
-0.066,-0.112,-0.295,-0.02,-0.567,-1.132,-2.276,-0.415,1.3,-1.188,-0.391,-0.936,0.018,0.155,0.765,0.003,0.038,-0.624,0.041,-1.052,-0.063,-0.357,-0.3,-1.96,-1.129,0.31,-1.868,-2.971,-6.383,-0.972,-0.012,-0.458,-0.347,-2.076,-5.75,-0.243,0.038,-1.631,-0.046,-0.58
0.062,-4.314,0.529,0.572,-1.439,3.138,0.119,0.668,1.282,0.726,-0.463,0.694,0.126,0.675,2.91,-0.055,-0.031,0.779,-0.417,-1.809,-0.004,8.082,0.0,-0.205,0.755,-1.113,0.114,0.961,-0.724,-0.022,0.482,-0.097,-0.011,-0.427,-2.785,0.098,-0.014,1.563,-0.092,0.767
0.503,-0.205,0.366,0.131,0.608,0.0,-0.144,-3.02,-0.011,-4.283,-1.189,0.204,0.302,-0.02,0.017,0.328,-0.005,-0.817,-8.834,-0.068,3.254,0.276,0.215,0.314,0.669,-0.231,0.095,2.572,0.295,2.375,0.548,0.312,0.726,0.054,0.16,0.851,0.451,2.752,28.84,1.823
-0.848,-0.122,-0.624,-0.833,-0.754,-0.923,-0.544,-0.288,-1.8,-1.432,-0.608,-0.754,-0.463,-0.51,-2.234,-0.708,-0.006,-0.02,-1.83,-0.405,0.544,-0.206,-0.192,-0.728,-0.954,0.0,-1.108,-1.208,-2.162,-1.507,-0.293,-0.787,-0.122,-0.777,-3.614,-0.033,-0.013,-0.942,-0.597,-0.496
-0.089,-0.027,-0.585,-0.71,-11.482,-0.027,0.443,-0.154,-1.263,-0.559,-0.332,-0.013,-10.037,-0.505,2.384,-0.21,-0.089,0.78,-2.653,-3.822,0.071,0.053,0.318,0.606,6.06,0.053,-0.041,0.202,0.698,0.311,0.031,0.16,-3.471,0.465,-0.435,0.157,0.071,-0.06,1.512,1.961
-0.027,-0.16,-0.028,-0.018,-0.262,-1.071,-0.001,-2.227,-1.293,-0.377,-0.293,-0.25,-0.027,-0.323,-0.417,-0.111,-0.361,-1.377,0.138,-0.084,-0.035,-0.26,-1.313,-1.265,-1.29,-2.11,-0.352,-4.485,-2.36,-5.785,-1.86,-1.688,-0.61,-0.59,-0.5,-1.0,-0.438,-1.385,0.01,-0.265
0.417,0.313,0.08,-0.243,1.062,0.806,-0.154,0.052,0.804,0.772,0.421,0.307,0.003,-0.073,-1.035,-0.197,-0.674,-0.103,0.081,0.186,-0.369,-4.218,-0.711,-1.804,-1.415,-1.399,-0.923,-4.194,-4.857,-3.459,-1.416,-1.607,-0.277,-1.677,-6.109,-0.73,-0.229,-2.823,-0.108,-0.163
0.091,-10.526,-0.431,-0.649,-0.033,0.403,-0.078,0.039,-0.22,0.066,-0.033,-0.973,-0.16,-0.22,-0.16,-0.191,-0.408,0.027,0.063,-0.008,0.819,9.086,0.379,0.741,-0.039,0.436,0.175,-0.251,0.312,-0.067,-0.039,0.682,0.051,0.312,0.051,0.984,-1.156,0.147,0.053,-0.01
-0.435,-0.228,1.83,0.997,2.687,0.52,-0.578,0.83,0.092,1.333,0.616,-1.031,0.116,-0.031,-0.299,0.446,0.017,0.333,1.367,0.779,-0.473,-0.49,-5.122,-0.751,-1.751,-0.151,-0.245,-0.751,-0.265,-1.6,-2.122,-4.502,0.135,-0.073,-0.633,-0.102,-0.131,-0.6,-0.918,-0.216
-0.465,-6.432,-0.154,0.113,-4.311,-0.801,0.202,-0.693,-0.611,-0.887,-0.559,-0.154,-0.133,-0.117,0.012,-0.513,-0.159,-0.643,-5.109,-4.938,-0.152,-16.273,-0.509,-1.83,2.165,-0.654,-2.768,-1.618,-4.884,0.313,0.379,-0.366,0.071,-1.536,-8.916,0.357,0.016,-0.592,1.641,-1.121
-0.695,-0.314,-0.429,-0.909,-4.717,-1.247,-1.852,-0.424,-0.872,-0.281,-0.06,-0.274,-0.289,-1.815,-0.607,-0.514,-0.578,-1.67,-0.38,-1.643,0.331,-0.382,-1.935,-2.143,-0.025,-3.179,-6.777,-6.814,-1.586,-3.396,-1.309,-3.779,-0.029,-2.599,-1.407,-0.69,0.345,-4.968,0.165,1.155
0.386,-10.325,-0.375,-1.291,0.119,-0.214,-1.147,0.0,-2.581,0.281,0.167,-0.371,-0.01,-0.943,-4.452,0.273,0.262,0.038,0.846,0.14,-0.316,3.617,-0.334,0.416,-1.192,-1.894,0.291,0.031,1.409,-0.296,-0.051,-0.391,-0.16,0.495,2.872,-0.232,-0.043,0.438,-0.935,-1.333
0.369,-0.399,0.022,-0.082,-0.399,-0.53,0.205,0.368,-0.717,0.297,0.172,-0.074,0.052,-0.038,-0.706,0.357,-0.058,0.361,0.039,0.449,0.118,-0.257,-0.092,0.156,-0.983,-0.97,-0.678,-0.929,0.475,-0.642,-0.432,-0.563,-0.747,-0.242,0.468,-0.275,-0.161,-0.653,-0.528,-0.721
0.087,0.016,-0.716,0.156,-0.749,2.143,0.225,-0.271,-0.008,-0.394,-0.079,-1.455,1.066,-0.111,0.387,-0.32,-0.262,-0.22,-0.469,-0.464,-0.01,0.088,0.401,0.482,1.036,2.208,-0.057,0.958,0.384,1.431,0.464,0.678,0.762,0.397,0.31,0.19,-0.005,0.848,-0.445,0.518
-1.422,-8.756,0.311,-0.006,-0.039,-0.006,0.15,-0.622,0.161,-0.156,-0.156,0.394,0.161,0.161,0.6,0.961,-0.45,-1.822,-0.25,-0.039,1.778,8.444,-0.139,0.694,-0.014,0.694,0.0,-0.222,0.236,-0.056,-0.056,-0.306,0.236,0.236,0.0,-0.264,-1.0,0.278,0.25,-0.014
-0.089,-9.45,0.394,-0.006,-0.039,0.328,0.15,-0.622,0.161,-0.156,-0.156,0.728,0.161,0.161,0.6,0.961,1.244,-1.822,-0.089,-0.039,-0.222,10.125,-0.264,0.694,-0.014,0.194,0.0,-0.222,0.236,-0.056,-0.056,-0.806,0.236,0.236,0.0,-0.264,-3.222,0.278,-0.056,-0.014
-0.234,1.32,-0.321,0.053,0.657,0.192,-0.521,-0.394,0.025,0.118,0.317,-0.725,0.581,0.506,0.075,-0.066,-0.091,-0.471,0.106,0.015,-0.442,1.407,-0.731,-0.741,-0.202,-0.77,0.104,0.281,-0.451,-0.812,-0.388,0.0,-0.757,-0.395,0.034,-1.038,-0.494,-0.059,-0.044,-0.18
0.123,0.403,0.41,0.364,4.111,0.466,0.486,3.75,0.216,3.383,1.069,0.063,6.79,0.216,-0.066,0.063,0.123,1.694,1.193,1.475,0.012,0.063,-0.395,-0.199,-5.889,0.129,0.254,1.143,-0.268,0.145,-0.175,-0.078,-9.035,-0.268,-0.104,-0.078,0.012,1.206,-1.384,-2.088
0.123,0.403,0.41,0.278,1.75,0.466,1.0,3.873,0.11,3.444,1.091,0.028,6.327,0.0,-0.122,0.063,0.123,1.694,1.625,3.401,0.012,0.063,-0.395,-0.032,-4.571,0.129,0.429,1.679,-0.131,0.635,0.129,0.016,-8.078,0.0,-0.041,-0.078,0.012,1.206,-1.571,-3.146
0.216,0.403,0.221,0.364,2.522,0.623,0.253,5.486,0.216,4.392,1.369,-0.015,6.79,0.248,-0.066,-0.015,0.123,2.753,1.625,1.278,0.018,0.063,-0.623,-0.199,-3.728,0.282,0.182,2.73,-0.268,1.118,0.129,-0.178,-9.035,-0.131,-0.104,-0.178,0.012,1.975,-3.571,-1.841
-0.034,0.216,0.319,0.364,2.75,0.373,0.11,2.438,0.278,2.278,0.637,0.063,7.25,0.278,0.028,0.063,-0.034,0.253,0.522,0.957,-0.014,0.129,-0.222,-0.199,-9.571,0.155,0.123,1.287,-0.317,1.111,0.171,-0.078,-9.714,-0.317,-0.127,-0.078,-0.014,1.245,-2.49,-3.654
-1.08,-0.066,0.569,0.623,1.429,0.846,0.443,4.591,0.36,4.073,1.498,0.184,8.086,0.466,0.063,0.114,-0.154,1.119,0.156,-0.056,-0.168,-0.31,-0.175,0.282,-1.369,0.568,0.377,2.208,0.123,1.118,0.425,0.102,-5.247,0.24,0.065,0.182,-0.019,0.811,-0.866,-1.841
-0.802,-0.347,0.221,0.364,4.531,0.75,0.486,2.438,0.216,2.25,0.739,0.063,1.605,0.216,-0.066,0.128,0.0,0.512,1.375,1.642,-0.437,0.063,-0.321,-0.199,-4.39,0.143,0.254,1.414,-0.268,0.0,-0.12,-0.078,-4.125,-0.268,-0.263,-0.31,0.0,1.584,-1.0,-1.564
-1.25,-0.312,0.153,0.188,4.528,0.17,0.41,1.401,0.11,1.448,0.471,0.028,1.198,0.11,-0.139,-0.09,-0.015,0.272,1.457,1.67,-1.143,0.097,-0.413,-0.443,-4.556,-0.612,0.176,0.139,-0.416,-0.961,-0.448,-0.127,-4.707,-0.416,-0.365,-0.617,-0.035,1.303,-0.94,-1.58
-0.639,-0.056,-0.968,-0.172,-0.073,-1.43,0.009,1.214,0.185,-1.173,-0.326,-0.437,-0.3,0.5,0.873,-1.319,-0.146,1.623,-1.101,-0.543,-0.341,0.444,0.423,-1.288,-0.977,-1.485,-0.185,-1.385,-1.072,-0.516,-0.317,-0.171,-0.319,-1.775,-1.376,-1.001,-0.098,-0.736,-2.167,0.138
-0.73,0.189,0.784,0.575,0.354,0.226,0.132,1.76,0.421,2.143,0.719,0.474,0.023,0.643,1.103,-0.34,-0.003,1.037,-0.187,-0.424,0.202,0.237,-0.546,-1.049,-1.391,-1.683,-0.146,-1.332,-1.043,-1.538,-0.903,-1.132,-0.19,-1.692,-1.348,-1.148,0.286,-1.28,-1.105,-0.237
-0.046,1.471,1.018,1.412,0.959,-1.294,-0.007,0.067,0.147,0.087,0.03,0.194,0.294,0.155,0.758,-0.253,-0.055,0.194,-0.235,0.524,0.424,-1.563,-0.337,-2.691,-1.556,0.813,-0.445,-0.323,-2.548,-0.358,-0.165,-0.608,0.0,-1.524,-5.806,0.593,-0.235,0.007,-4.875,-0.467
-0.04,-6.215,-0.04,-1.101,0.028,-0.039,-0.283,1.364,-1.669,0.523,0.426,-0.21,-0.131,-1.093,-3.629,0.199,-0.04,2.128,-0.099,0.068,-0.156,-4.239,0.178,-0.222,0.311,0.265,0.044,2.0,-0.756,0.85,0.338,1.038,-0.022,-0.289,-3.968,0.163,-0.122,1.107,-0.01,0.057
-0.128,-4.973,-1.097,-1.117,-0.703,-0.318,-0.145,-0.333,-0.18,-0.88,-0.663,-0.429,-2.295,-0.393,0.245,-0.806,-1.357,-0.417,-0.972,-0.543,0.086,-3.554,-0.0,-0.394,-0.079,-2.029,-0.041,-0.498,0.063,0.34,0.285,0.078,-1.0,-0.131,-0.492,0.729,-1.111,-0.34,-0.493,-0.09
0.132,-0.015,-0.36,-0.917,-0.911,0.385,-0.072,0.526,-2.984,0.104,0.226,-0.53,-0.357,-0.572,-1.517,-0.073,1.476,0.317,-2.311,-0.42,0.131,-0.165,-0.452,-1.114,-2.069,0.107,-0.078,-2.314,-3.171,-2.139,-0.498,-0.746,-0.385,-0.929,-1.591,-0.387,-0.478,-0.963,-0.148,-0.398
0.035,-0.016,-0.599,0.062,-0.188,-0.394,0.686,0.626,0.112,0.066,-0.236,-0.852,-6.319,0.108,0.202,-0.05,-0.064,0.2,-0.508,-0.005,-0.089,0.011,-0.952,0.178,-0.984,-1.852,3.007,-0.79,0.582,-0.826,-0.446,1.287,2.549,0.809,0.835,-0.494,-0.233,-0.344,-0.242,-0.665
-0.159,-0.005,-0.039,-0.35,-0.472,-0.144,-1.14,-0.512,-1.518,-0.278,-0.133,-0.463,-9.152,-0.691,-4.484,-0.039,0.247,-0.691,-0.395,-0.975,-0.113,-0.146,0.267,0.134,-0.163,0.072,0.156,1.641,0.236,0.882,0.444,0.287,4.795,0.131,-0.049,-0.321,-0.572,1.115,-0.125,-0.454
0.195,0.39,0.211,0.275,-0.883,-0.351,0.162,0.889,0.838,1.456,-0.178,0.526,-0.305,0.273,-0.043,0.628,0.023,0.523,-0.113,-0.473,0.154,0.402,-0.46,-0.992,-2.945,-0.804,0.066,-0.016,-2.697,-1.55,0.19,-0.784,-0.644,-1.246,-2.051,-0.599,0.114,0.296,-0.338,-0.422
0.189,0.218,-0.24,0.112,-0.191,0.784,0.029,0.029,1.678,0.062,0.101,-0.493,-0.093,0.254,0.919,-0.697,0.362,0.887,-0.188,-0.02,-0.254,0.264,-0.64,-0.446,-0.146,-0.459,-0.235,-0.853,0.246,-0.343,-0.104,-0.609,-0.119,-0.213,-0.131,-1.222,-0.105,-0.062,-0.24,-0.199
-0.319,0.253,0.242,1.049,0.266,-0.587,-0.134,0.126,-1.319,-0.341,-0.248,0.021,0.151,0.531,0.304,-0.212,0.087,0.302,1.658,0.213,-0.644,-0.455,-1.631,-2.661,-1.977,-0.616,-0.402,-1.949,-2.566,-1.914,-0.798,-0.866,-0.564,-0.976,-1.303,-0.438,0.0,-0.769,-1.321,-1.012
-0.013,-13.501,-0.452,-1.333,-0.006,-0.317,-0.175,-0.035,-0.619,0.0,-0.024,-0.845,-0.38,-0.619,-0.231,-0.779,-0.135,-0.223,-0.036,-0.006,-0.015,4.082,-0.075,0.236,-0.007,0.004,-0.003,-0.039,0.076,0.0,-0.027,-0.23,0.005,0.076,-0.167,-0.105,-2.417,0.279,-0.043,-0.007
0.604,0.357,0.054,0.144,-1.028,-0.237,-0.12,-0.607,0.117,-0.577,-0.5,-0.502,-0.07,0.101,0.301,-0.474,-0.343,-0.011,-0.136,-0.045,-0.123,-0.134,-0.624,-1.395,-0.715,1.769,-0.568,-1.382,-1.966,-1.16,-0.373,-0.651,-0.283,-0.727,-0.297,0.067,0.272,-1.072,-0.036,-0.124
0.577,1.12,0.038,-0.643,0.006,0.104,-0.423,0.201,-0.586,0.307,-0.065,-0.05,1.473,-0.539,-0.369,0.108,0.135,0.026,0.243,0.296,-0.092,-1.302,-1.83,-1.239,-0.815,0.328,-1.076,-1.065,-1.569,-0.749,-0.531,-0.843,-0.249,-2.056,-0.986,-0.335,0.087,-0.295,0.233,-0.312
0.069,1.57,1.52,0.54,-0.04,-1.198,0.069,-0.316,0.41,0.006,-0.312,0.41,-0.221,0.286,0.378,0.241,0.36,-0.055,3.313,-0.069,0.099,-3.42,-1.114,-0.903,0.201,-0.696,-0.239,-1.211,-0.992,-1.133,-0.189,-0.838,3.688,-0.237,-1.478,0.422,-0.24,-1.005,0.032,0.204
0.448,0.304,-0.805,-0.553,0.753,-1.773,-0.233,-0.233,-1.465,-0.053,-0.217,-0.754,-0.166,-0.496,-1.99,-0.079,0.12,0.084,-0.068,0.191,1.516,0.134,-1.02,-0.655,-0.601,1.135,-0.196,-2.267,-1.542,-1.441,-0.472,-0.652,-0.414,-1.214,-1.198,-0.209,-0.015,-1.238,0.639,-0.126
0.245,0.297,-0.575,-0.489,0.259,-0.834,-0.231,-0.023,-1.079,0.01,-0.164,-0.683,-0.265,-0.469,-1.626,0.149,0.076,0.124,-0.155,0.049,1.844,0.03,-1.124,-0.616,-0.729,0.002,-0.019,-2.626,-1.797,-1.688,-0.565,-0.694,-0.485,-1.198,-1.51,-0.158,0.011,-1.733,0.306,-0.084
0.18,0.046,-0.608,-0.666,-0.411,0.76,-0.134,-0.196,-0.508,-0.292,-0.197,-0.856,-1.086,-0.338,-1.21,-0.049,-0.162,-0.015,-0.601,-0.414,0.098,-0.029,-0.05,0.251,-0.407,-0.234,0.083,-0.654,0.429,-0.745,-0.29,0.041,-4.479,0.271,0.773,-0.136,-0.083,-0.093,-0.569,-0.032
-0.538,0.045,-0.438,-0.027,-0.328,0.512,0.544,1.094,-0.132,0.47,0.167,-0.614,-3.705,-0.162,-0.445,-0.106,-0.022,0.508,-0.316,-0.059,-0.033,-0.126,-0.261,-0.404,-1.082,-0.233,-0.847,-0.841,0.046,-0.422,-0.198,0.297,-3.608,-0.265,0.24,-0.244,-0.079,-0.703,-0.684,-0.732
