-0.591,-1.302,-0.733,1.57,-0.146,-0.591,-1.302,-0.733,1.57,-0.146,0.945,0.828,1.299,-0.169,0.933
-0.591,-1.302,-0.733,1.57,-0.146,-1.343,0.465,-0.862,-1.02,-0.255,-0.384,1.652,1.33,1.045,2.064
-0.591,-1.302,-0.733,1.57,-0.146,-1.343,0.465,-0.862,-1.02,-0.255,0.26,0.83,3.097,-0.838,1.512
-0.591,-1.302,-0.733,1.57,-0.146,1.05,0.302,-3.656,-0.259,-3.242,1.05,0.302,-3.656,-0.259,-3.242
-0.591,-1.302,-0.733,1.57,-0.146,-1.019,-0.987,-1.505,1.266,-0.912,-0.595,0.009,0.672,-2.128,-0.184
-0.591,-1.302,-0.733,1.57,-0.146,-1.019,-0.987,-1.505,1.266,-0.912,-0.595,0.009,0.672,-2.128,-0.184
-0.591,-1.302,-0.733,1.57,-0.146,-1.019,-0.987,-1.505,1.266,-0.912,-0.595,0.009,0.672,-2.128,-0.184
-0.591,-1.302,-0.733,1.57,-0.146,0.189,2.081,-1.628,0.421,-1.392,-1.019,-0.987,-1.505,1.266,-0.912
-0.591,-1.302,-0.733,1.57,-0.146,0.931,-0.179,-3.005,-0.503,-1.853,1.357,-1.453,1.477,0.113,-0.837
-0.591,-1.302,-0.733,1.57,-0.146,-0.032,0.326,2.213,0.908,1.313,-1.343,0.465,-0.862,-1.02,-0.255
-0.591,-1.302,-0.733,1.57,-0.146,-0.032,0.326,2.213,0.908,1.313,-1.343,0.465,-0.862,-1.02,-0.255
1.05,0.302,-3.656,-0.259,-3.242,-1.343,0.465,-0.862,-1.02,-0.255,-1.019,-0.987,-1.505,1.266,-0.912
1.05,0.302,-3.656,-0.259,-3.242,-1.343,0.465,-0.862,-1.02,-0.255,-1.019,-0.987,-1.505,1.266,-0.912
1.05,0.302,-3.656,-0.259,-3.242,-1.337,-0.279,-0.544,1.242,-1.262,0.26,0.83,3.097,-0.838,1.512
1.357,-1.453,1.477,0.113,-0.837,-0.591,-1.302,-0.733,1.57,-0.146,1.357,-1.453,1.477,0.113,-0.837
1.357,-1.453,1.477,0.113,-0.837,-1.343,0.465,-0.862,-1.02,-0.255,1.538,-0.055,1.502,0.44,2.897
-1.006,-0.59,1.891,-0.397,0.412,-1.006,-0.59,1.891,-0.397,0.412,-0.384,1.652,1.33,1.045,2.064
-1.006,-0.59,1.891,-0.397,0.412,-1.006,-0.59,1.891,-0.397,0.412,0.336,-0.417,-1.673,-1.474,-0.078
-1.006,-0.59,1.891,-0.397,0.412,-1.239,-0.547,2.131,0.393,0.816,-0.384,1.652,1.33,1.045,2.064
-1.006,-0.59,1.891,-0.397,0.412,-1.019,-0.987,-1.505,1.266,-0.912,-0.384,1.652,1.33,1.045,2.064
-1.006,-0.59,1.891,-0.397,0.412,-1.019,-0.987,-1.505,1.266,-0.912,-0.384,1.652,1.33,1.045,2.064
-1.006,-0.59,1.891,-0.397,0.412,-1.019,-0.987,-1.505,1.266,-0.912,-0.384,1.652,1.33,1.045,2.064
-1.006,-0.59,1.891,-0.397,0.412,-1.019,-0.987,-1.505,1.266,-0.912,0.336,-0.417,-1.673,-1.474,-0.078
-1.006,-0.59,1.891,-0.397,0.412,-1.019,-0.987,-1.505,1.266,-0.912,0.189,2.081,-1.628,0.421,-1.392
-1.006,-0.59,1.891,-0.397,0.412,-1.019,-0.987,-1.505,1.266,-0.912,0.189,2.081,-1.628,0.421,-1.392
-1.006,-0.59,1.891,-0.397,0.412,-1.019,-0.987,-1.505,1.266,-0.912,0.189,2.081,-1.628,0.421,-1.392
-1.006,-0.59,1.891,-0.397,0.412,-1.019,-0.987,-1.505,1.266,-0.912,0.189,2.081,-1.628,0.421,-1.392
-1.006,-0.59,1.891,-0.397,0.412,-1.019,-0.987,-1.505,1.266,-0.912,-0.228,1.399,-4.76,0.67,-2.647
-1.006,-0.59,1.891,-0.397,0.412,-1.019,-0.987,-1.505,1.266,-0.912,-0.228,1.399,-4.76,0.67,-2.647
-1.006,-0.59,1.891,-0.397,0.412,-1.019,-0.987,-1.505,1.266,-0.912,-0.228,1.399,-4.76,0.67,-2.647
-1.006,-0.59,1.891,-0.397,0.412,-1.337,-0.279,-0.544,1.242,-1.262,0.931,-0.179,-3.005,-0.503,-1.853
-0.384,1.652,1.33,1.045,2.064,-1.006,-0.59,1.891,-0.397,0.412,-1.006,-0.59,1.891,-0.397,0.412
-0.384,1.652,1.33,1.045,2.064,-1.006,-0.59,1.891,-0.397,0.412,-0.384,1.652,1.33,1.045,2.064
-0.384,1.652,1.33,1.045,2.064,-1.006,-0.59,1.891,-0.397,0.412,-0.384,1.652,1.33,1.045,2.064
-0.384,1.652,1.33,1.045,2.064,-1.006,-0.59,1.891,-0.397,0.412,-0.663,-1.524,2.219,-1.005,1.212
-0.384,1.652,1.33,1.045,2.064,-1.006,-0.59,1.891,-0.397,0.412,1.538,-0.055,1.502,0.44,2.897
-0.384,1.652,1.33,1.045,2.064,-0.384,1.652,1.33,1.045,2.064,-1.006,-0.59,1.891,-0.397,0.412
-0.384,1.652,1.33,1.045,2.064,-0.384,1.652,1.33,1.045,2.064,-1.019,-0.987,-1.505,1.266,-0.912
-0.384,1.652,1.33,1.045,2.064,-1.239,-0.547,2.131,0.393,0.816,-0.384,1.652,1.33,1.045,2.064
-0.384,1.652,1.33,1.045,2.064,-1.239,-0.547,2.131,0.393,0.816,-0.384,1.652,1.33,1.045,2.064
-0.384,1.652,1.33,1.045,2.064,-1.239,-0.547,2.131,0.393,0.816,-1.019,-0.987,-1.505,1.266,-0.912
-0.384,1.652,1.33,1.045,2.064,-1.239,-0.547,2.131,0.393,0.816,-0.663,-1.524,2.219,-1.005,1.212
-0.384,1.652,1.33,1.045,2.064,-1.239,-0.547,2.131,0.393,0.816,0.189,2.081,-1.628,0.421,-1.392
-0.384,1.652,1.33,1.045,2.064,-1.019,-0.987,-1.505,1.266,-0.912,-1.006,-0.59,1.891,-0.397,0.412
-0.384,1.652,1.33,1.045,2.064,-1.019,-0.987,-1.505,1.266,-0.912,1.831,-0.561,0.533,-0.277,1.648
-0.384,1.652,1.33,1.045,2.064,-1.019,-0.987,-1.505,1.266,-0.912,-1.019,-0.987,-1.505,1.266,-0.912
-0.384,1.652,1.33,1.045,2.064,-1.019,-0.987,-1.505,1.266,-0.912,-1.019,-0.987,-1.505,1.266,-0.912
-0.384,1.652,1.33,1.045,2.064,-1.019,-0.987,-1.505,1.266,-0.912,0.189,2.081,-1.628,0.421,-1.392
-0.384,1.652,1.33,1.045,2.064,-1.019,-0.987,-1.505,1.266,-0.912,0.189,2.081,-1.628,0.421,-1.392
-0.384,1.652,1.33,1.045,2.064,-1.019,-0.987,-1.505,1.266,-0.912,-0.595,0.009,0.672,-2.128,-0.184
-0.384,1.652,1.33,1.045,2.064,-1.019,-0.987,-1.505,1.266,-0.912,-0.595,0.009,0.672,-2.128,-0.184
-0.384,1.652,1.33,1.045,2.064,-1.019,-0.987,-1.505,1.266,-0.912,-0.595,0.009,0.672,-2.128,-0.184
-0.384,1.652,1.33,1.045,2.064,-0.663,-1.524,2.219,-1.005,1.212,-0.591,-1.302,-0.733,1.57,-0.146
-0.384,1.652,1.33,1.045,2.064,0.189,2.081,-1.628,0.421,-1.392,-1.337,-0.279,-0.544,1.242,-1.262
-0.384,1.652,1.33,1.045,2.064,1.538,-0.055,1.502,0.44,2.897,-1.006,-0.59,1.891,-0.397,0.412
-0.384,1.652,1.33,1.045,2.064,1.538,-0.055,1.502,0.44,2.897,-0.384,1.652,1.33,1.045,2.064
-0.384,1.652,1.33,1.045,2.064,-0.228,1.399,-4.76,0.67,-2.647,-1.239,-0.547,2.131,0.393,0.816
-0.384,1.652,1.33,1.045,2.064,-0.032,0.326,2.213,0.908,1.313,-1.019,-0.987,-1.505,1.266,-0.912
-0.384,1.652,1.33,1.045,2.064,-1.337,-0.279,-0.544,1.242,-1.262,-1.006,-0.59,1.891,-0.397,0.412
-0.384,1.652,1.33,1.045,2.064,-1.337,-0.279,-0.544,1.242,-1.262,-1.239,-0.547,2.131,0.393,0.816
-0.384,1.652,1.33,1.045,2.064,-1.337,-0.279,-0.544,1.242,-1.262,-0.595,0.009,0.672,-2.128,-0.184
-0.384,1.652,1.33,1.045,2.064,-0.595,0.009,0.672,-2.128,-0.184,-0.591,-1.302,-0.733,1.57,-0.146
-0.384,1.652,1.33,1.045,2.064,-0.595,0.009,0.672,-2.128,-0.184,-1.239,-0.547,2.131,0.393,0.816
-0.384,1.652,1.33,1.045,2.064,-0.595,0.009,0.672,-2.128,-0.184,-1.019,-0.987,-1.505,1.266,-0.912
-0.384,1.652,1.33,1.045,2.064,0.26,0.83,3.097,-0.838,1.512,-1.006,-0.59,1.891,-0.397,0.412
-0.384,1.652,1.33,1.045,2.064,0.26,0.83,3.097,-0.838,1.512,-1.006,-0.59,1.891,-0.397,0.412
-0.384,1.652,1.33,1.045,2.064,0.26,0.83,3.097,-0.838,1.512,0.26,0.83,3.097,-0.838,1.512
0.336,-0.417,-1.673,-1.474,-0.078,0.189,2.081,-1.628,0.421,-1.392,-1.019,-0.987,-1.505,1.266,-0.912
-1.239,-0.547,2.131,0.393,0.816,-1.006,-0.59,1.891,-0.397,0.412,-0.384,1.652,1.33,1.045,2.064
1.831,-0.561,0.533,-0.277,1.648,-1.239,-0.547,2.131,0.393,0.816,1.831,-0.561,0.533,-0.277,1.648
1.831,-0.561,0.533,-0.277,1.648,-1.019,-0.987,-1.505,1.266,-0.912,-0.384,1.652,1.33,1.045,2.064
1.831,-0.561,0.533,-0.277,1.648,0.189,2.081,-1.628,0.421,-1.392,0.189,2.081,-1.628,0.421,-1.392
1.831,-0.561,0.533,-0.277,1.648,1.538,-0.055,1.502,0.44,2.897,-1.006,-0.59,1.891,-0.397,0.412
1.831,-0.561,0.533,-0.277,1.648,-0.595,0.009,0.672,-2.128,-0.184,1.831,-0.561,0.533,-0.277,1.648
-1.019,-0.987,-1.505,1.266,-0.912,-1.006,-0.59,1.891,-0.397,0.412,-0.384,1.652,1.33,1.045,2.064
-1.019,-0.987,-1.505,1.266,-0.912,0.336,-0.417,-1.673,-1.474,-0.078,-1.019,-0.987,-1.505,1.266,-0.912
-1.019,-0.987,-1.505,1.266,-0.912,-1.239,-0.547,2.131,0.393,0.816,-0.384,1.652,1.33,1.045,2.064
-1.019,-0.987,-1.505,1.266,-0.912,-1.019,-0.987,-1.505,1.266,-0.912,-0.384,1.652,1.33,1.045,2.064
-1.019,-0.987,-1.505,1.266,-0.912,-1.019,-0.987,-1.505,1.266,-0.912,0.189,2.081,-1.628,0.421,-1.392
-0.663,-1.524,2.219,-1.005,1.212,0.931,-0.179,-3.005,-0.503,-1.853,0.931,-0.179,-3.005,-0.503,-1.853
0.945,0.828,1.299,-0.169,0.933,-1.019,-0.987,-1.505,1.266,-0.912,-1.019,-0.987,-1.505,1.266,-0.912
0.189,2.081,-1.628,0.421,-1.392,-0.591,-1.302,-0.733,1.57,-0.146,-0.591,-1.302,-0.733,1.57,-0.146
1.538,-0.055,1.502,0.44,2.897,-1.343,0.465,-0.862,-1.02,-0.255,-1.019,-0.987,-1.505,1.266,-0.912
1.538,-0.055,1.502,0.44,2.897,-1.019,-0.987,-1.505,1.266,-0.912,-0.228,1.399,-4.76,0.67,-2.647
1.538,-0.055,1.502,0.44,2.897,0.189,2.081,-1.628,0.421,-1.392,0.189,2.081,-1.628,0.421,-1.392
-0.228,1.399,-4.76,0.67,-2.647,-1.019,-0.987,-1.505,1.266,-0.912,-1.006,-0.59,1.891,-0.397,0.412
-0.228,1.399,-4.76,0.67,-2.647,-1.019,-0.987,-1.505,1.266,-0.912,-1.006,-0.59,1.891,-0.397,0.412
-0.228,1.399,-4.76,0.67,-2.647,-1.019,-0.987,-1.505,1.266,-0.912,-1.019,-0.987,-1.505,1.266,-0.912
-0.228,1.399,-4.76,0.67,-2.647,0.945,0.828,1.299,-0.169,0.933,-1.006,-0.59,1.891,-0.397,0.412
-0.032,0.326,2.213,0.908,1.313,0.189,2.081,-1.628,0.421,-1.392,-1.343,0.465,-0.862,-1.02,-0.255
-0.032,0.326,2.213,0.908,1.313,0.189,2.081,-1.628,0.421,-1.392,-1.337,-0.279,-0.544,1.242,-1.262
-1.337,-0.279,-0.544,1.242,-1.262,1.831,-0.561,0.533,-0.277,1.648,-1.019,-0.987,-1.505,1.266,-0.912
-1.337,-0.279,-0.544,1.242,-1.262,0.945,0.828,1.299,-0.169,0.933,0.189,2.081,-1.628,0.421,-1.392
-1.337,-0.279,-0.544,1.242,-1.262,0.189,2.081,-1.628,0.421,-1.392,-1.019,-0.987,-1.505,1.266,-0.912
0.26,0.83,3.097,-0.838,1.512,1.831,-0.561,0.533,-0.277,1.648,0.931,-0.179,-3.005,-0.503,-1.853
-1.239,-0.547,2.131,0.393,0.816,1.831,-0.561,0.533,-0.277,1.648,-1.006,-0.59,1.891,-0.397,0.412
-0.591,-1.302,-0.733,1.57,-0.146,1.05,0.302,-3.656,-0.259,-3.242,-0.228,1.399,-4.76,0.67,-2.647
-0.591,-1.302,-0.733,1.57,-0.146,1.05,0.302,-3.656,-0.259,-3.242,1.05,0.302,-3.656,-0.259,-3.242
-0.591,-1.302,-0.733,1.57,-0.146,1.05,0.302,-3.656,-0.259,-3.242,1.05,0.302,-3.656,-0.259,-3.242
-0.591,-1.302,-0.733,1.57,-0.146,1.05,0.302,-3.656,-0.259,-3.242,1.05,0.302,-3.656,-0.259,-3.242
-0.591,-1.302,-0.733,1.57,-0.146,0.336,-0.417,-1.673,-1.474,-0.078,1.05,0.302,-3.656,-0.259,-3.242
1.05,0.302,-3.656,-0.259,-3.242,1.05,0.302,-3.656,-0.259,-3.242,1.538,-0.055,1.502,0.44,2.897
-0.384,1.652,1.33,1.045,2.064,0.189,2.081,-1.628,0.421,-1.392,-0.663,-1.524,2.219,-1.005,1.212
-0.591,-1.302,-0.733,1.57,-0.146,1.05,0.302,-3.656,-0.259,-3.242,1.05,0.302,-3.656,-0.259,-3.242
-0.591,-1.302,-0.733,1.57,-0.146,1.05,0.302,-3.656,-0.259,-3.242,1.05,0.302,-3.656,-0.259,-3.242
-0.591,-1.302,-0.733,1.57,-0.146,1.05,0.302,-3.656,-0.259,-3.242,1.05,0.302,-3.656,-0.259,-3.242
-0.591,-1.302,-0.733,1.57,-0.146,1.05,0.302,-3.656,-0.259,-3.242,1.05,0.302,-3.656,-0.259,-3.242
-0.591,-1.302,-0.733,1.57,-0.146,1.05,0.302,-3.656,-0.259,-3.242,1.05,0.302,-3.656,-0.259,-3.242
0.336,-0.417,-1.673,-1.474,-0.078,-0.384,1.652,1.33,1.045,2.064,-1.337,-0.279,-0.544,1.242,-1.262
-0.228,1.399,-4.76,0.67,-2.647,-1.343,0.465,-0.862,-1.02,-0.255,0.945,0.828,1.299,-0.169,0.933
-0.663,-1.524,2.219,-1.005,1.212,1.05,0.302,-3.656,-0.259,-3.242,-1.337,-0.279,-0.544,1.242,-1.262
1.05,0.302,-3.656,-0.259,-3.242,-1.019,-0.987,-1.505,1.266,-0.912,-0.595,0.009,0.672,-2.128,-0.184
-0.228,1.399,-4.76,0.67,-2.647,-1.019,-0.987,-1.505,1.266,-0.912,-1.019,-0.987,-1.505,1.266,-0.912
-0.384,1.652,1.33,1.045,2.064,-1.337,-0.279,-0.544,1.242,-1.262,-1.006,-0.59,1.891,-0.397,0.412
-1.337,-0.279,-0.544,1.242,-1.262,-1.006,-0.59,1.891,-0.397,0.412,-1.239,-0.547,2.131,0.393,0.816
-0.384,1.652,1.33,1.045,2.064,-1.019,-0.987,-1.505,1.266,-0.912,-0.595,0.009,0.672,-2.128,-0.184
-1.006,-0.59,1.891,-0.397,0.412,-1.019,-0.987,-1.505,1.266,-0.912,-0.228,1.399,-4.76,0.67,-2.647
-0.384,1.652,1.33,1.045,2.064,-1.239,-0.547,2.131,0.393,0.816,0.189,2.081,-1.628,0.421,-1.392
-0.384,1.652,1.33,1.045,2.064,-1.019,-0.987,-1.505,1.266,-0.912,0.189,2.081,-1.628,0.421,-1.392
-0.032,0.326,2.213,0.908,1.313,1.538,-0.055,1.502,0.44,2.897,-0.384,1.652,1.33,1.045,2.064
-0.032,0.326,2.213,0.908,1.313,-1.343,0.465,-0.862,-1.02,-0.255,1.538,-0.055,1.502,0.44,2.897
-0.032,0.326,2.213,0.908,1.313,-0.384,1.652,1.33,1.045,2.064,1.538,-0.055,1.502,0.44,2.897
-1.019,-0.987,-1.505,1.266,-0.912,-1.337,-0.279,-0.544,1.242,-1.262,-1.343,0.465,-0.862,-1.02,-0.255
1.831,-0.561,0.533,-0.277,1.648,-0.595,0.009,0.672,-2.128,-0.184,1.831,-0.561,0.533,-0.277,1.648
-0.591,-1.302,-0.733,1.57,-0.146,-1.019,-0.987,-1.505,1.266,-0.912,-0.595,0.009,0.672,-2.128,-0.184
-0.384,1.652,1.33,1.045,2.064,-0.591,-1.302,-0.733,1.57,-0.146,0.336,-0.417,-1.673,-1.474,-0.078
-1.343,0.465,-0.862,-1.02,-0.255,-0.384,1.652,1.33,1.045,2.064,-0.591,-1.302,-0.733,1.57,-0.146
-1.343,0.465,-0.862,-1.02,-0.255,-0.384,1.652,1.33,1.045,2.064,-0.591,-1.302,-0.733,1.57,-0.146
-0.663,-1.524,2.219,-1.005,1.212,0.189,2.081,-1.628,0.421,-1.392,1.538,-0.055,1.502,0.44,2.897
0.931,-0.179,-3.005,-0.503,-1.853,-0.384,1.652,1.33,1.045,2.064,-1.239,-0.547,2.131,0.393,0.816
-0.663,-1.524,2.219,-1.005,1.212,1.831,-0.561,0.533,-0.277,1.648,0.931,-0.179,-3.005,-0.503,-1.853
1.538,-0.055,1.502,0.44,2.897,-0.384,1.652,1.33,1.045,2.064,-1.006,-0.59,1.891,-0.397,0.412
1.538,-0.055,1.502,0.44,2.897,1.538,-0.055,1.502,0.44,2.897,-0.595,0.009,0.672,-2.128,-0.184
-1.337,-0.279,-0.544,1.242,-1.262,-0.228,1.399,-4.76,0.67,-2.647,-0.591,-1.302,-0.733,1.57,-0.146
1.831,-0.561,0.533,-0.277,1.648,0.931,-0.179,-3.005,-0.503,-1.853,-1.019,-0.987,-1.505,1.266,-0.912
-1.337,-0.279,-0.544,1.242,-1.262,-0.384,1.652,1.33,1.045,2.064,1.831,-0.561,0.533,-0.277,1.648
1.831,-0.561,0.533,-0.277,1.648,-1.006,-0.59,1.891,-0.397,0.412,-0.384,1.652,1.33,1.045,2.064
-1.006,-0.59,1.891,-0.397,0.412,1.831,-0.561,0.533,-0.277,1.648,-1.239,-0.547,2.131,0.393,0.816
-1.019,-0.987,-1.505,1.266,-0.912,-1.019,-0.987,-1.505,1.266,-0.912,-1.239,-0.547,2.131,0.393,0.816
-0.591,-1.302,-0.733,1.57,-0.146,-0.384,1.652,1.33,1.045,2.064,0.26,0.83,3.097,-0.838,1.512
-1.337,-0.279,-0.544,1.242,-1.262,1.831,-0.561,0.533,-0.277,1.648,-1.019,-0.987,-1.505,1.266,-0.912
-1.337,-0.279,-0.544,1.242,-1.262,1.831,-0.561,0.533,-0.277,1.648,-1.019,-0.987,-1.505,1.266,-0.912
-1.337,-0.279,-0.544,1.242,-1.262,1.831,-0.561,0.533,-0.277,1.648,-1.019,-0.987,-1.505,1.266,-0.912
1.538,-0.055,1.502,0.44,2.897,1.538,-0.055,1.502,0.44,2.897,1.538,-0.055,1.502,0.44,2.897
-0.595,0.009,0.672,-2.128,-0.184,1.538,-0.055,1.502,0.44,2.897,-0.595,0.009,0.672,-2.128,-0.184
-0.595,0.009,0.672,-2.128,-0.184,0.26,0.83,3.097,-0.838,1.512,-1.343,0.465,-0.862,-1.02,-0.255
1.831,-0.561,0.533,-0.277,1.648,-1.343,0.465,-0.862,-1.02,-0.255,-1.343,0.465,-0.862,-1.02,-0.255
0.931,-0.179,-3.005,-0.503,-1.853,1.05,0.302,-3.656,-0.259,-3.242,1.05,0.302,-3.656,-0.259,-3.242
-0.591,-1.302,-0.733,1.57,-0.146,-1.019,-0.987,-1.505,1.266,-0.912,0.26,0.83,3.097,-0.838,1.512
-1.019,-0.987,-1.505,1.266,-0.912,1.538,-0.055,1.502,0.44,2.897,1.05,0.302,-3.656,-0.259,-3.242
-0.384,1.652,1.33,1.045,2.064,-1.006,-0.59,1.891,-0.397,0.412,1.538,-0.055,1.502,0.44,2.897
1.357,-1.453,1.477,0.113,-0.837,1.357,-1.453,1.477,0.113,-0.837,0.189,2.081,-1.628,0.421,-1.392
0.945,0.828,1.299,-0.169,0.933,0.189,2.081,-1.628,0.421,-1.392,0.189,2.081,-1.628,0.421,-1.392
1.831,-0.561,0.533,-0.277,1.648,1.831,-0.561,0.533,-0.277,1.648,-1.019,-0.987,-1.505,1.266,-0.912
1.831,-0.561,0.533,-0.277,1.648,1.831,-0.561,0.533,-0.277,1.648,-1.019,-0.987,-1.505,1.266,-0.912
1.831,-0.561,0.533,-0.277,1.648,1.831,-0.561,0.533,-0.277,1.648,-1.019,-0.987,-1.505,1.266,-0.912
1.831,-0.561,0.533,-0.277,1.648,1.831,-0.561,0.533,-0.277,1.648,-0.591,-1.302,-0.733,1.57,-0.146
1.831,-0.561,0.533,-0.277,1.648,1.831,-0.561,0.533,-0.277,1.648,-0.591,-1.302,-0.733,1.57,-0.146
1.831,-0.561,0.533,-0.277,1.648,1.831,-0.561,0.533,-0.277,1.648,-0.591,-1.302,-0.733,1.57,-0.146
1.831,-0.561,0.533,-0.277,1.648,-0.595,0.009,0.672,-2.128,-0.184,1.831,-0.561,0.533,-0.277,1.648
1.831,-0.561,0.533,-0.277,1.648,-0.595,0.009,0.672,-2.128,-0.184,1.831,-0.561,0.533,-0.277,1.648
-0.384,1.652,1.33,1.045,2.064,-1.239,-0.547,2.131,0.393,0.816,1.538,-0.055,1.502,0.44,2.897
1.538,-0.055,1.502,0.44,2.897,1.538,-0.055,1.502,0.44,2.897,-1.239,-0.547,2.131,0.393,0.816
-1.239,-0.547,2.131,0.393,0.816,-1.019,-0.987,-1.505,1.266,-0.912,0.189,2.081,-1.628,0.421,-1.392
-0.384,1.652,1.33,1.045,2.064,-0.595,0.009,0.672,-2.128,-0.184,-0.384,1.652,1.33,1.045,2.064
1.831,-0.561,0.533,-0.277,1.648,-0.595,0.009,0.672,-2.128,-0.184,1.831,-0.561,0.533,-0.277,1.648
1.538,-0.055,1.502,0.44,2.897,-1.019,-0.987,-1.505,1.266,-0.912,0.26,0.83,3.097,-0.838,1.512
1.538,-0.055,1.502,0.44,2.897,-1.019,-0.987,-1.505,1.266,-0.912,1.538,-0.055,1.502,0.44,2.897
-0.591,-1.302,-0.733,1.57,-0.146,-1.019,-0.987,-1.505,1.266,-0.912,0.26,0.83,3.097,-0.838,1.512
1.538,-0.055,1.502,0.44,2.897,-1.019,-0.987,-1.505,1.266,-0.912,-1.019,-0.987,-1.505,1.266,-0.912
-0.591,-1.302,-0.733,1.57,-0.146,1.831,-0.561,0.533,-0.277,1.648,-0.384,1.652,1.33,1.045,2.064
0.336,-0.417,-1.673,-1.474,-0.078,-0.228,1.399,-4.76,0.67,-2.647,1.05,0.302,-3.656,-0.259,-3.242
0.26,0.83,3.097,-0.838,1.512,1.538,-0.055,1.502,0.44,2.897,0.931,-0.179,-3.005,-0.503,-1.853
-0.228,1.399,-4.76,0.67,-2.647,0.26,0.83,3.097,-0.838,1.512,-0.228,1.399,-4.76,0.67,-2.647
1.05,0.302,-3.656,-0.259,-3.242,1.05,0.302,-3.656,-0.259,-3.242,0.189,2.081,-1.628,0.421,-1.392
-0.228,1.399,-4.76,0.67,-2.647,1.357,-1.453,1.477,0.113,-0.837,1.357,-1.453,1.477,0.113,-0.837
-0.384,1.652,1.33,1.045,2.064,-0.228,1.399,-4.76,0.67,-2.647,-0.228,1.399,-4.76,0.67,-2.647
-0.228,1.399,-4.76,0.67,-2.647,1.05,0.302,-3.656,-0.259,-3.242,-1.019,-0.987,-1.505,1.266,-0.912
-0.591,-1.302,-0.733,1.57,-0.146,1.831,-0.561,0.533,-0.277,1.648,-1.019,-0.987,-1.505,1.266,-0.912
-1.239,-0.547,2.131,0.393,0.816,-1.239,-0.547,2.131,0.393,0.816,-0.384,1.652,1.33,1.045,2.064
0.26,0.83,3.097,-0.838,1.512,0.189,2.081,-1.628,0.421,-1.392,0.189,2.081,-1.628,0.421,-1.392
1.05,0.302,-3.656,-0.259,-3.242,0.336,-0.417,-1.673,-1.474,-0.078,0.26,0.83,3.097,-0.838,1.512
-0.384,1.652,1.33,1.045,2.064,-1.239,-0.547,2.131,0.393,0.816,-0.384,1.652,1.33,1.045,2.064
0.189,2.081,-1.628,0.421,-1.392,1.831,-0.561,0.533,-0.277,1.648,-1.019,-0.987,-1.505,1.266,-0.912
-0.228,1.399,-4.76,0.67,-2.647,-1.019,-0.987,-1.505,1.266,-0.912,-0.228,1.399,-4.76,0.67,-2.647
-0.384,1.652,1.33,1.045,2.064,-0.663,-1.524,2.219,-1.005,1.212,-0.591,-1.302,-0.733,1.57,-0.146
1.831,-0.561,0.533,-0.277,1.648,1.831,-0.561,0.533,-0.277,1.648,-0.591,-1.302,-0.733,1.57,-0.146
-1.019,-0.987,-1.505,1.266,-0.912,-0.591,-1.302,-0.733,1.57,-0.146,-1.019,-0.987,-1.505,1.266,-0.912
1.831,-0.561,0.533,-0.277,1.648,1.831,-0.561,0.533,-0.277,1.648,-0.591,-1.302,-0.733,1.57,-0.146
-0.384,1.652,1.33,1.045,2.064,1.831,-0.561,0.533,-0.277,1.648,1.831,-0.561,0.533,-0.277,1.648
-0.591,-1.302,-0.733,1.57,-0.146,-0.032,0.326,2.213,0.908,1.313,-1.337,-0.279,-0.544,1.242,-1.262
-1.006,-0.59,1.891,-0.397,0.412,-0.032,0.326,2.213,0.908,1.313,-0.384,1.652,1.33,1.045,2.064
-1.239,-0.547,2.131,0.393,0.816,-0.032,0.326,2.213,0.908,1.313,-0.384,1.652,1.33,1.045,2.064
-1.337,-0.279,-0.544,1.242,-1.262,1.538,-0.055,1.502,0.44,2.897,-1.019,-0.987,-1.505,1.266,-0.912
-0.663,-1.524,2.219,-1.005,1.212,0.189,2.081,-1.628,0.421,-1.392,1.831,-0.561,0.533,-0.277,1.648
1.831,-0.561,0.533,-0.277,1.648,-0.595,0.009,0.672,-2.128,-0.184,1.831,-0.561,0.533,-0.277,1.648
1.831,-0.561,0.533,-0.277,1.648,-0.595,0.009,0.672,-2.128,-0.184,0.189,2.081,-1.628,0.421,-1.392
1.831,-0.561,0.533,-0.277,1.648,-1.006,-0.59,1.891,-0.397,0.412,0.189,2.081,-1.628,0.421,-1.392
-0.384,1.652,1.33,1.045,2.064,0.945,0.828,1.299,-0.169,0.933,0.945,0.828,1.299,-0.169,0.933
-0.591,-1.302,-0.733,1.57,-0.146,1.831,-0.561,0.533,-0.277,1.648,-1.239,-0.547,2.131,0.393,0.816
1.831,-0.561,0.533,-0.277,1.648,-0.595,0.009,0.672,-2.128,-0.184,1.831,-0.561,0.533,-0.277,1.648
-0.384,1.652,1.33,1.045,2.064,-1.019,-0.987,-1.505,1.266,-0.912,-1.019,-0.987,-1.505,1.266,-0.912
-0.384,1.652,1.33,1.045,2.064,-1.239,-0.547,2.131,0.393,0.816,-0.384,1.652,1.33,1.045,2.064
-0.591,-1.302,-0.733,1.57,-0.146,-0.032,0.326,2.213,0.908,1.313,-1.343,0.465,-0.862,-1.02,-0.255
1.05,0.302,-3.656,-0.259,-3.242,-0.228,1.399,-4.76,0.67,-2.647,0.336,-0.417,-1.673,-1.474,-0.078
1.831,-0.561,0.533,-0.277,1.648,1.538,-0.055,1.502,0.44,2.897,-1.019,-0.987,-1.505,1.266,-0.912
-0.384,1.652,1.33,1.045,2.064,-1.239,-0.547,2.131,0.393,0.816,1.831,-0.561,0.533,-0.277,1.648
-1.239,-0.547,2.131,0.393,0.816,-1.239,-0.547,2.131,0.393,0.816,1.831,-0.561,0.533,-0.277,1.648
-0.384,1.652,1.33,1.045,2.064,-1.239,-0.547,2.131,0.393,0.816,-0.384,1.652,1.33,1.045,2.064
-1.337,-0.279,-0.544,1.242,-1.262,1.538,-0.055,1.502,0.44,2.897,1.538,-0.055,1.502,0.44,2.897
-1.337,-0.279,-0.544,1.242,-1.262,-0.228,1.399,-4.76,0.67,-2.647,1.538,-0.055,1.502,0.44,2.897
1.538,-0.055,1.502,0.44,2.897,-0.384,1.652,1.33,1.045,2.064,-1.019,-0.987,-1.505,1.266,-0.912
1.831,-0.561,0.533,-0.277,1.648,0.945,0.828,1.299,-0.169,0.933,-1.019,-0.987,-1.505,1.266,-0.912
1.538,-0.055,1.502,0.44,2.897,-0.384,1.652,1.33,1.045,2.064,-0.384,1.652,1.33,1.045,2.064
-1.337,-0.279,-0.544,1.242,-1.262,-0.384,1.652,1.33,1.045,2.064,-0.591,-1.302,-0.733,1.57,-0.146
1.831,-0.561,0.533,-0.277,1.648,-0.595,0.009,0.672,-2.128,-0.184,1.831,-0.561,0.533,-0.277,1.648
-1.239,-0.547,2.131,0.393,0.816,-1.019,-0.987,-1.505,1.266,-0.912,0.189,2.081,-1.628,0.421,-1.392
-0.384,1.652,1.33,1.045,2.064,-1.019,-0.987,-1.505,1.266,-0.912,-1.019,-0.987,-1.505,1.266,-0.912
1.831,-0.561,0.533,-0.277,1.648,-1.239,-0.547,2.131,0.393,0.816,-1.019,-0.987,-1.505,1.266,-0.912
-1.239,-0.547,2.131,0.393,0.816,-0.591,-1.302,-0.733,1.57,-0.146,-0.228,1.399,-4.76,0.67,-2.647
1.05,0.302,-3.656,-0.259,-3.242,0.945,0.828,1.299,-0.169,0.933,-0.228,1.399,-4.76,0.67,-2.647
1.831,-0.561,0.533,-0.277,1.648,-0.595,0.009,0.672,-2.128,-0.184,-1.343,0.465,-0.862,-1.02,-0.255
-1.337,-0.279,-0.544,1.242,-1.262,-1.006,-0.59,1.891,-0.397,0.412,0.931,-0.179,-3.005,-0.503,-1.853
-0.384,1.652,1.33,1.045,2.064,-1.343,0.465,-0.862,-1.02,-0.255,-0.591,-1.302,-0.733,1.57,-0.146
0.931,-0.179,-3.005,-0.503,-1.853,-0.384,1.652,1.33,1.045,2.064,-0.595,0.009,0.672,-2.128,-0.184
1.05,0.302,-3.656,-0.259,-3.242,1.357,-1.453,1.477,0.113,-0.837,1.831,-0.561,0.533,-0.277,1.648
-0.591,-1.302,-0.733,1.57,-0.146,-0.032,0.326,2.213,0.908,1.313,-0.591,-1.302,-0.733,1.57,-0.146
-0.591,-1.302,-0.733,1.57,-0.146,-0.032,0.326,2.213,0.908,1.313,-0.032,0.326,2.213,0.908,1.313
-0.591,-1.302,-0.733,1.57,-0.146,-1.343,0.465,-0.862,-1.02,-0.255,0.931,-0.179,-3.005,-0.503,-1.853
-1.019,-0.987,-1.505,1.266,-0.912,-1.239,-0.547,2.131,0.393,0.816,-1.239,-0.547,2.131,0.393,0.816
-1.019,-0.987,-1.505,1.266,-0.912,-1.239,-0.547,2.131,0.393,0.816,-1.239,-0.547,2.131,0.393,0.816
-1.019,-0.987,-1.505,1.266,-0.912,-1.239,-0.547,2.131,0.393,0.816,-1.239,-0.547,2.131,0.393,0.816
-1.019,-0.987,-1.505,1.266,-0.912,-1.239,-0.547,2.131,0.393,0.816,-1.239,-0.547,2.131,0.393,0.816
-1.019,-0.987,-1.505,1.266,-0.912,-1.239,-0.547,2.131,0.393,0.816,-1.239,-0.547,2.131,0.393,0.816
-1.019,-0.987,-1.505,1.266,-0.912,-1.239,-0.547,2.131,0.393,0.816,-1.239,-0.547,2.131,0.393,0.816
-0.591,-1.302,-0.733,1.57,-0.146,-1.239,-0.547,2.131,0.393,0.816,-1.239,-0.547,2.131,0.393,0.816
-0.228,1.399,-4.76,0.67,-2.647,1.05,0.302,-3.656,-0.259,-3.242,-1.019,-0.987,-1.505,1.266,-0.912
-0.228,1.399,-4.76,0.67,-2.647,1.05,0.302,-3.656,-0.259,-3.242,-1.337,-0.279,-0.544,1.242,-1.262
1.357,-1.453,1.477,0.113,-0.837,1.538,-0.055,1.502,0.44,2.897,-0.032,0.326,2.213,0.908,1.313
1.538,-0.055,1.502,0.44,2.897,0.945,0.828,1.299,-0.169,0.933,-1.343,0.465,-0.862,-1.02,-0.255
-0.032,0.326,2.213,0.908,1.313,-1.343,0.465,-0.862,-1.02,-0.255,-0.384,1.652,1.33,1.045,2.064
1.831,-0.561,0.533,-0.277,1.648,-0.595,0.009,0.672,-2.128,-0.184,1.831,-0.561,0.533,-0.277,1.648
0.336,-0.417,-1.673,-1.474,-0.078,1.538,-0.055,1.502,0.44,2.897,0.336,-0.417,-1.673,-1.474,-0.078
-0.384,1.652,1.33,1.045,2.064,1.831,-0.561,0.533,-0.277,1.648,0.189,2.081,-1.628,0.421,-1.392
1.831,-0.561,0.533,-0.277,1.648,1.538,-0.055,1.502,0.44,2.897,-1.006,-0.59,1.891,-0.397,0.412
-0.663,-1.524,2.219,-1.005,1.212,-0.591,-1.302,-0.733,1.57,-0.146,1.831,-0.561,0.533,-0.277,1.648
1.538,-0.055,1.502,0.44,2.897,1.831,-0.561,0.533,-0.277,1.648,-0.384,1.652,1.33,1.045,2.064
-0.228,1.399,-4.76,0.67,-2.647,-1.343,0.465,-0.862,-1.02,-0.255,-0.032,0.326,2.213,0.908,1.313
-0.384,1.652,1.33,1.045,2.064,-1.006,-0.59,1.891,-0.397,0.412,1.538,-0.055,1.502,0.44,2.897
-0.663,-1.524,2.219,-1.005,1.212,-0.591,-1.302,-0.733,1.57,-0.146,-0.591,-1.302,-0.733,1.57,-0.146
-0.384,1.652,1.33,1.045,2.064,-1.337,-0.279,-0.544,1.242,-1.262,-1.239,-0.547,2.131,0.393,0.816
1.831,-0.561,0.533,-0.277,1.648,-0.595,0.009,0.672,-2.128,-0.184,1.831,-0.561,0.533,-0.277,1.648
1.538,-0.055,1.502,0.44,2.897,-0.595,0.009,0.672,-2.128,-0.184,1.831,-0.561,0.533,-0.277,1.648
1.357,-1.453,1.477,0.113,-0.837,-0.595,0.009,0.672,-2.128,-0.184,1.538,-0.055,1.502,0.44,2.897
-0.228,1.399,-4.76,0.67,-2.647,0.189,2.081,-1.628,0.421,-1.392,-1.006,-0.59,1.891,-0.397,0.412
